SAs,Memories,Cost
0,0,0
1,1,0.000363223
1,2,0.000405104
1,3,0.000508412
1,4,0.000629149
1,5,0.00076737
1,6,0.000903202
1,7,0.001057872
1,8,0.001216331
1,9,0.001392743
1,10,0.001576953
1,11,0.001769407
1,12,0.001970575
1,13,0.002202975
1,14,0.002425284
1,15,0.002684794
1,16,0.002930831
1,17,0.003220694
1,18,0.003528596
1,19,0.003855661
1,20,0.004161042
1,21,0.004526361
1,22,0.00491437
1,23,0.005326444
1,24,0.005706398
1,25,0.006166397
1,26,0.006654776
1,27,0.007173221
1,28,0.007723506
1,29,0.008307503
1,30,0.008927182
1,31,0.00958462
1,32,0.01017918
1,33,0.01091141
1,34,0.01168786
1,35,0.012511056
1,36,0.013383657
1,37,0.014308458
1,38,0.015288404
1,39,0.016326592
1,40,0.01742628
1,41,0.018590899
1,42,0.019824054
1,43,0.02112954
1,44,0.022511349
1,45,0.023973677
1,46,0.025520941
1,47,0.027157784
1,48,0.028600198
1,49,0.030412793
1,50,0.032329336
1,51,0.034355452
1,52,0.036497051
1,53,0.038760352
1,54,0.041151894
1,55,0.043678551
1,56,0.046347553
1,57,0.049166504
1,58,0.052143398
1,59,0.055286644
1,60,0.058605085
1,61,0.062108021
1,62,0.065805234
1,63,0.069707011
1,64,0.073824174
1,65,0.078168109
1,66,0.082750792
1,67,0.087584822
1,68,0.092683458
1,69,0.098060651
1,70,0.103731083
1,71,0.109710206
1,72,0.116014286
1,73,0.122660448
1,74,0.129666718
1,75,0.137052082
1,76,0.144836534
1,77,0.153041133
1,78,0.161688065
1,79,0.170800706
1,80,0.180403693
1,81,0.190522991
1,82,0.201185974
1,83,0.212421509
1,84,0.224260038
1,85,0.236733677
1,86,0.249876312
1,87,0.263723705
1,88,0.278313613
1,89,0.2936859
1,90,0.309882676
1,91,0.32694843
1,92,0.344930179
1,93,0.363877629
1,94,0.383843346
1,95,0.404882935
1,96,0.418898983
2,2,0.000437244
2,3,0.000537445
2,4,0.000657562
2,5,0.000796315
2,6,0.000932692
2,7,0.001088531
2,8,0.001248214
2,9,0.001426239
2,10,0.001612152
2,11,0.001806402
2,12,0.002009464
2,13,0.002244273
2,14,0.002468706
2,15,0.002730913
2,16,0.002979329
2,17,0.00327221
2,18,0.003583319
2,19,0.003913788
2,20,0.004222167
2,21,0.004591284
2,22,0.004983322
2,23,0.005399669
2,24,0.005783376
2,25,0.006248128
2,26,0.006741544
2,27,0.007265323
2,28,0.007821256
2,29,0.008411233
2,30,0.00903724
2,31,0.009701372
2,32,0.010301776
2,33,0.011041418
2,34,0.011825706
2,35,0.012657186
2,36,0.01353854
2,37,0.01447259
2,38,0.015462304
2,39,0.016510808
2,40,0.017621388
2,41,0.018797505
2,42,0.020042795
2,43,0.021361087
2,44,0.022756406
2,45,0.024232988
2,46,0.025795285
2,47,0.027447981
2,48,0.028904043
2,49,0.030734085
2,50,0.032669021
2,51,0.034714522
2,52,0.036876552
2,53,0.039161382
2,54,0.041575608
2,55,0.044126164
2,56,0.046820343
2,57,0.049665813
2,58,0.05267064
2,59,0.055843305
2,60,0.059192727
2,61,0.062728287
2,62,0.066459852
2,63,0.0703978
2,64,0.074553047
2,65,0.078937077
2,66,0.083561971
2,67,0.08844044
2,68,0.093585858
2,69,0.0990123
2,70,0.104734575
2,71,0.110768274
2,72,0.117129806
2,73,0.123836446
2,74,0.130906383
2,75,0.138358771
2,76,0.146213783
2,77,0.154492666
2,78,0.163217807
2,79,0.172412793
2,80,0.182102483
2,81,0.192313078
2,82,0.203072203
2,83,0.214408988
2,84,0.226354157
2,85,0.23894012
2,86,0.252201079
2,87,0.26617313
2,88,0.280894381
2,89,0.296405073
2,90,0.312747715
2,91,0.329967217
2,92,0.348111047
2,93,0.367229389
2,94,0.387375317
2,95,0.408604978
2,96,0.422764169
3,3,0.000566773
3,4,0.000686262
3,5,0.000825552
3,6,0.00096248
3,7,0.001119504
3,8,0.001280423
3,9,0.00146008
3,10,0.001647714
3,11,0.00184378
3,12,0.002048755
3,13,0.002285999
3,14,0.002512578
3,15,0.002777513
3,16,0.003028332
3,17,0.003324262
3,18,0.003638611
3,19,0.003972521
3,20,0.004283928
3,21,0.004656882
3,22,0.005052989
3,23,0.005473653
3,24,0.00586115
3,25,0.006330703
3,26,0.006829205
3,27,0.007358371
3,28,0.007920009
3,29,0.008516023
3,30,0.00914842
3,31,0.009819311
3,32,0.010425614
3,33,0.011172741
3,34,0.011964941
3,35,0.012804784
3,36,0.013694975
3,37,0.01463836
3,38,0.015637934
3,39,0.016696851
3,40,0.017818425
3,41,0.019006146
3,42,0.020263684
3,43,0.021594901
3,44,0.023003856
3,45,0.024494821
3,46,0.026072289
3,47,0.027740984
3,48,0.029210816
3,49,0.031058464
3,50,0.03301196
3,51,0.035077022
3,52,0.037259667
3,53,0.039566221
3,54,0.042003335
3,55,0.044578005
3,56,0.047297586
3,57,0.050169813
3,58,0.053202822
3,59,0.056405168
3,60,0.059785847
3,61,0.063354321
3,62,0.067120544
3,63,0.071094984
3,64,0.075288653
3,65,0.079713134
3,66,0.084380614
3,67,0.089303915
3,68,0.09449653
3,69,0.099972656
3,70,0.105747234
3,71,0.111835991
3,72,0.118255483
3,73,0.125023137
3,74,0.132157304
3,75,0.13967731
3,76,0.147603507
3,77,0.155957334
3,78,0.164761378
3,79,0.17403944
3,80,0.183816604
3,81,0.19411931
3,82,0.204975434
3,83,0.216414374
3,84,0.228467135
3,85,0.241166429
3,86,0.254546774
3,87,0.268644604
3,88,0.283498383
3,89,0.299148732
3,90,0.31563856
3,91,0.333013207
3,92,0.351320596
3,93,0.370611392
3,94,0.390939184
3,95,0.412360665
3,96,0.426664366
4,4,0.000715253
4,5,0.000855086
4,6,0.000992572
4,7,0.001150792
4,8,0.001312962
4,9,0.001494269
4,10,0.001683643
4,11,0.001881544
4,12,0.002088453
4,13,0.002328158
4,14,0.002556907
4,15,0.002824597
4,16,0.003077845
4,17,0.003376857
4,18,0.003694479
4,19,0.004031864
4,20,0.004346331
4,21,0.004723161
4,22,0.00512338
4,23,0.005548403
4,24,0.005939728
4,25,0.00641413
4,26,0.006917769
4,27,0.007452375
4,28,0.008019773
4,29,0.008621884
4,30,0.009260732
4,31,0.009938449
4,32,0.010550707
4,33,0.01130539
4,34,0.012105579
4,35,0.012953864
4,36,0.013852975
4,37,0.014805784
4,38,0.015815311
4,39,0.016884738
4,40,0.018017408
4,41,0.019216843
4,42,0.020486742
4,43,0.021831002
4,44,0.023253719
4,45,0.0247592
4,46,0.026351978
4,47,0.028036818
4,48,0.029520544
4,49,0.031385959
4,50,0.033358182
4,51,0.035442983
4,52,0.037646429
4,53,0.039974902
4,54,0.04243511
4,55,0.04503411
4,56,0.047779321
4,57,0.050678545
4,58,0.053739988
4,59,0.056972279
4,60,0.060384494
4,61,0.063986176
4,62,0.067787365
4,63,0.071798621
4,64,0.076031052
4,65,0.080496342
4,66,0.085206786
4,67,0.090175317
4,68,0.095415546
4,69,0.100941796
4,70,0.106769139
4,71,0.112913442
4,72,0.119391406
4,73,0.126220615
4,74,0.133419582
4,75,0.141007804
4,76,0.149005817
4,77,0.157435252
4,78,0.1663189
4,79,0.175680777
4,80,0.185546193
4,81,0.195941829
4,82,0.206895818
4,83,0.218437825
4,84,0.230599142
4,85,0.243412783
4,86,0.256913587
4,87,0.271138327
4,88,0.286125829
4,89,0.301917097
4,90,0.318555447
4,91,0.33608665
4,92,0.354559087
4,93,0.374023915
4,94,0.394535239
4,95,0.416150307
4,96,0.430599898
5,5,0.00088492
5,6,0.00102297
5,7,0.0011824
5,8,0.001345835
5,9,0.001528809
5,10,0.001719942
5,11,0.001919698
5,12,0.002128563
5,13,0.002370754
5,14,0.002601696
5,15,0.002872171
5,16,0.003127874
5,17,0.003429999
5,18,0.003750928
5,19,0.004091826
5,20,0.004409382
5,21,0.004790128
5,22,0.0051945
5,23,0.005623928
5,24,0.006019118
5,25,0.006498417
5,26,0.007007244
5,27,0.007547344
5,28,0.008120559
5,29,0.008728826
5,30,0.009374189
5,31,0.010058797
5,32,0.010677066
5,33,0.011439379
5,34,0.012247632
5,35,0.01310444
5,36,0.014012556
5,37,0.014974877
5,38,0.015994451
5,39,0.017074486
5,40,0.018218357
5,41,0.019429613
5,42,0.020711989
5,43,0.022069413
5,44,0.023506018
5,45,0.025026149
5,46,0.026634377
5,47,0.028335509
5,48,0.029833254
5,49,0.031716597
5,50,0.033707718
5,51,0.035812435
5,52,0.038036871
5,53,0.04038746
5,54,0.04287097
5,55,0.045494519
5,56,0.048265589
5,57,0.051192052
5,58,0.054282183
5,59,0.057544687
5,60,0.060988717
5,61,0.064623902
5,62,0.068460369
5,63,0.072508768
5,64,0.076780305
5,65,0.081286766
5,66,0.086040554
5,67,0.091054715
5,68,0.09634298
5,69,0.101919797
5,70,0.107800373
5,71,0.114000714
5,72,0.120537668
5,73,0.127428975
5,74,0.134693315
5,75,0.142350359
5,76,0.150420825
5,77,0.158926539
5,78,0.167890497
5,79,0.177336933
5,80,0.187291386
5,81,0.197780782
5,82,0.208833508
5,83,0.220479503
5,84,0.232750347
5,85,0.245679361
5,86,0.259301705
5,87,0.273654499
5,88,0.288776931
5,89,0.304710393
5,90,0.321498612
5,91,0.339187794
5,92,0.357826786
5,93,0.377467237
5,94,0.398163778
5,95,0.419974216
5,96,0.434571092
6,6,0.001053678
6,7,0.001214331
6,8,0.001379044
6,9,0.001563705
6,10,0.001756616
6,11,0.001958247
6,12,0.002169089
6,13,0.002413793
6,14,0.002646951
6,15,0.00292024
6,16,0.003178424
6,17,0.003483695
6,18,0.003807965
6,19,0.004152411
6,20,0.00447309
6,21,0.004857791
6,22,0.005266358
6,23,0.005700234
6,24,0.006099329
6,25,0.006583574
6,26,0.007097639
6,27,0.007643288
6,28,0.008222376
6,29,0.00883686
6,30,0.0094888
6,31,0.010180367
6,32,0.010804705
6,33,0.01157472
6,34,0.012391114
6,35,0.013256525
6,36,0.014173732
6,37,0.015145655
6,38,0.016175371
6,39,0.017266114
6,40,0.018421289
6,41,0.019644476
6,42,0.020939444
6,43,0.022310155
6,44,0.023760775
6,45,0.025295691
6,46,0.02691951
6,47,0.028637083
6,48,0.030148974
6,49,0.032050408
6,50,0.034060597
6,51,0.036185412
6,52,0.038431026
6,53,0.04080393
6,54,0.043310952
6,55,0.045959269
6,56,0.048756431
6,57,0.051710375
6,58,0.05482945
6,59,0.058122436
6,60,0.061598567
6,61,0.065267553
6,62,0.06913961
6,63,0.073225482
6,64,0.077536472
6,65,0.082084469
6,66,0.086881985
6,67,0.091942181
6,68,0.097278907
6,69,0.102906739
6,70,0.108841019
6,71,0.115097892
6,72,0.121694359
6,73,0.128648315
6,74,0.135978607
6,75,0.143705081
6,76,0.151848642
6,77,0.160431312
6,78,0.169476295
6,79,0.179008041
6,80,0.189052325
6,81,0.199636314
6,82,0.210788659
6,83,0.222539571
6,84,0.234920924
6,85,0.247966344
6,86,0.261711322
6,87,0.276193322
6,88,0.291451903
6,89,0.307528846
6,90,0.324468293
6,91,0.342316893
6,92,0.36112396
6,93,0.380941641
6,94,0.4018251
6,95,0.423832709
6,96,0.438578279
7,7,0.001246588
7,8,0.001412594
7,9,0.001598959
7,10,0.001793668
7,11,0.001997194
7,12,0.002210035
7,13,0.002457279
7,14,0.002692677
7,15,0.002968809
7,16,0.0032295
7,17,0.00353795
7,18,0.003865596
7,19,0.004213626
7,20,0.004537459
7,21,0.004926156
7,22,0.005338961
7,23,0.005777329
7,24,0.006180368
7,25,0.006669608
7,26,0.007188964
7,27,0.007740216
7,28,0.008325235
7,29,0.008945996
7,30,0.009604578
7,31,0.01030317
7,32,0.010933635
7,33,0.011711425
7,34,0.012536038
7,35,0.013410135
7,36,0.014336518
7,37,0.015318134
7,38,0.016358086
7,39,0.017459638
7,40,0.018626222
7,41,0.019861453
7,42,0.021169129
7,43,0.022553248
7,44,0.024018014
7,45,0.025567849
7,46,0.027207403
7,47,0.028941567
7,48,0.03046773
7,49,0.032387419
7,50,0.034416849
7,51,0.036561943
7,52,0.038828927
7,53,0.041224348
7,54,0.043755092
7,55,0.046428401
7,56,0.049251887
7,57,0.052233559
7,58,0.055381837
7,59,0.058705576
7,60,0.062214092
7,61,0.06591718
7,62,0.069825144
7,63,0.073948821
7,64,0.078299614
7,65,0.082889516
7,66,0.087731147
7,67,0.092837785
7,68,0.098223401
7,69,0.103902701
7,70,0.109891159
7,71,0.116205066
7,72,0.122861571
7,73,0.129878731
7,74,0.137275559
7,75,0.145072079
7,76,0.153289384
7,77,0.161949693
7,78,0.171076418
7,79,0.180694234
7,80,0.190829147
7,81,0.201508575
7,82,0.212761427
7,83,0.224618195
7,84,0.237111045
7,85,0.250273917
7,86,0.264142631
7,87,0.278755002
7,88,0.29415096
7,89,0.310372683
7,90,0.327464731
7,91,0.3454742
7,92,0.364450876
7,93,0.384447412
7,94,0.405519507
7,95,0.427726105
7,96,0.442621792
8,8,0.001446489
8,9,0.001634577
8,10,0.001831103
8,11,0.002036545
8,12,0.002251405
8,13,0.002501217
8,14,0.002738879
8,15,0.003017884
8,16,0.003281107
8,17,0.00359277
8,18,0.003923827
8,19,0.004275478
8,20,0.004602497
8,21,0.00499523
8,22,0.005412316
8,23,0.005855222
8,24,0.006262243
8,25,0.006756528
8,26,0.007281228
8,27,0.007838137
8,28,0.008429146
8,29,0.009056246
8,30,0.009721534
8,31,0.010427218
8,32,0.011063868
8,33,0.011849509
8,34,0.012682419
8,35,0.013565284
8,36,0.01450093
8,37,0.01549233
8,38,0.016542615
8,39,0.017655075
8,40,0.018833176
8,41,0.020080561
8,42,0.021401063
8,43,0.022798715
8,44,0.024277756
8,45,0.025842647
8,46,0.02749808
8,47,0.029248986
8,48,0.03078955
8,49,0.03272766
8,50,0.034776506
8,51,0.036942062
8,52,0.039230608
8,53,0.041648748
8,54,0.044203428
8,55,0.046901952
8,56,0.049751999
8,57,0.052761646
8,58,0.055939387
8,59,0.059294155
8,60,0.062835345
8,61,0.066572837
8,62,0.070517027
8,63,0.074678845
8,64,0.079069794
8,65,0.083701972
8,66,0.08858811
8,67,0.0937416
8,68,0.09917654
8,69,0.104907761
8,70,0.110950877
8,71,0.117322322
8,72,0.124039398
8,73,0.131120321
8,74,0.138584275
8,75,0.146451462
8,76,0.154743164
8,77,0.1634818
8,78,0.172690996
8,79,0.182395647
8,80,0.192621996
8,81,0.203397712
8,82,0.214751969
8,83,0.226715539
8,84,0.239320886
8,85,0.252602263
8,86,0.266595826
8,87,0.281339743
8,88,0.296874321
8,89,0.313242135
8,90,0.330488171
8,91,0.348659973
8,92,0.367807808
8,93,0.387984838
8,94,0.409247304
8,95,0.431654726
8,96,0.446701969
9,9,0.001670561
9,10,0.001868924
9,11,0.002076304
9,12,0.002293205
9,13,0.002545611
9,14,0.002785561
9,15,0.00306747
9,16,0.003333253
9,17,0.00364816
9,18,0.003982664
9,19,0.004337974
9,20,0.004668211
9,21,0.005065022
9,22,0.005486431
9,23,0.005933921
9,24,0.006344964
9,25,0.006844344
9,26,0.00737444
9,27,0.007937063
9,28,0.008534119
9,29,0.009167619
9,30,0.009839678
9,31,0.010552524
9,32,0.011195418
9,33,0.011988984
9,34,0.012830271
9,35,0.013721987
9,36,0.014666983
9,37,0.015668259
9,38,0.016728973
9,39,0.017852445
9,40,0.019042169
9,41,0.020301821
9,42,0.021635268
9,43,0.023046577
9,44,0.024540025
9,45,0.026120111
9,46,0.027791567
9,47,0.029559369
9,48,0.031114462
9,49,0.03307116
9,50,0.035139598
9,51,0.037325801
9,52,0.039636103
9,53,0.042077167
9,54,0.044655998
9,55,0.047379963
9,56,0.050256808
9,57,0.05329468
9,58,0.056502148
9,59,0.05988822
9,60,0.063462375
9,61,0.067234578
9,62,0.071215315
9,63,0.075415613
9,64,0.079847074
9,65,0.084521903
9,66,0.08945294
9,67,0.094653699
9,68,0.100138398
9,69,0.105922001
9,70,0.112020259
9,71,0.118449752
9,72,0.125227934
9,73,0.132373185
9,74,0.139904859
9,75,0.147843339
9,76,0.156210098
9,77,0.165027757
9,78,0.174320155
9,79,0.184112413
9,80,0.194431013
9,81,0.205303876
9,82,0.216760444
9,83,0.228831772
9,84,0.241550623
9,85,0.254951571
9,86,0.269071106
9,87,0.283947755
9,88,0.299622205
9,89,0.316137434
9,90,0.333538856
9,91,0.351874472
9,92,0.371195031
9,93,0.39155421
9,94,0.413008798
9,95,0.4356189
9,96,0.450819149
10,10,0.001907137
10,11,0.002116474
10,12,0.002335439
10,13,0.002590467
10,14,0.002832728
10,15,0.003117573
10,16,0.003385941
10,17,0.003704128
10,18,0.004042114
10,19,0.004401119
10,20,0.004734608
10,21,0.005135537
10,22,0.005561313
10,23,0.006013433
10,24,0.006428538
10,25,0.006933064
10,26,0.007468609
10,27,0.008037001
10,28,0.008640165
10,29,0.009280127
10,30,0.009959023
10,31,0.010679099
10,32,0.011328296
10,33,0.012129863
10,34,0.012979606
10,35,0.013880257
10,36,0.014834692
10,37,0.015845938
10,38,0.016917179
10,39,0.018051764
10,40,0.01925322
10,41,0.020525254
10,42,0.021871765
10,43,0.023296857
10,44,0.024804843
10,45,0.026400263
10,46,0.028087889
10,47,0.029872741
10,48,0.031442494
10,49,0.033417949
10,50,0.035506156
10,51,0.037713192
10,52,0.040045448
10,53,0.042509641
10,54,0.04511284
10,55,0.047862473
10,56,0.050766357
10,57,0.053832706
10,58,0.057070165
10,59,0.060487821
10,60,0.064095233
10,61,0.067902456
10,62,0.071920065
10,63,0.076159185
10,64,0.080631517
10,65,0.085349374
10,66,0.09032571
10,67,0.095574155
10,68,0.101109054
10,69,0.106945502
10,70,0.11309939
10,71,0.119587444
10,72,0.126427274
10,73,0.133637422
10,74,0.141237415
10,75,0.149247821
10,76,0.157690303
10,77,0.166587687
10,78,0.175964026
10,79,0.185844671
10,80,0.196256344
10,81,0.20722722
10,82,0.218787012
10,83,0.230967062
10,84,0.243800436
10,85,0.257322027
10,86,0.271568668
10,87,0.286579247
10,88,0.302394834
10,89,0.319058815
10,90,0.336617037
10,91,0.355117959
10,92,0.374612821
10,93,0.39515582
10,94,0.416804299
10,95,0.439618954
10,96,0.454973676
11,11,0.002157061
11,12,0.002378111
11,13,0.00263579
11,14,0.002880387
11,15,0.003168197
11,16,0.003439178
11,17,0.003760678
11,18,0.004102182
11,19,0.004464921
11,20,0.004801694
11,21,0.005206783
11,22,0.005636971
11,23,0.006093767
11,24,0.006512974
11,25,0.007022696
11,26,0.007563745
11,27,0.008137964
11,28,0.008747294
11,29,0.009393781
11,30,0.010079579
11,31,0.010806956
11,32,0.011462516
11,33,0.012272161
11,34,0.01313044
11,35,0.01404011
11,36,0.015004073
11,37,0.016025382
11,38,0.017107248
11,39,0.018253052
11,40,0.019466348
11,41,0.020750878
11,42,0.022110574
11,43,0.023549576
11,44,0.025072235
11,45,0.02668313
11,46,0.028387074
11,47,0.030189129
11,48,0.031773675
11,49,0.033768057
11,50,0.035876212
11,51,0.038104269
11,52,0.040458675
11,53,0.042946206
11,54,0.045573991
11,55,0.048349524
11,56,0.051280687
11,57,0.054375768
11,58,0.057643486
11,59,0.061093007
11,60,0.064733973
11,61,0.068576527
11,62,0.072631335
11,63,0.07690962
11,64,0.081423186
11,65,0.086184453
11,66,0.091206488
11,67,0.096503042
11,68,0.102088585
11,69,0.107978346
11,70,0.114188356
11,71,0.120735489
11,72,0.127637512
11,73,0.134913132
11,74,0.142582051
11,75,0.150665019
11,76,0.159183896
11,77,0.168161713
11,78,0.17762274
11,79,0.187592558
11,80,0.198098132
11,81,0.209167896
11,82,0.220831836
11,83,0.233121581
11,84,0.246070504
11,85,0.259713822
11,86,0.274088714
11,87,0.289234432
11,88,0.305192433
11,89,0.322006515
11,90,0.339722962
11,91,0.358390698
11,92,0.378061459
11,93,0.398789966
11,94,0.420634123
11,95,0.443655221
11,96,0.459165897
12,12,0.002421226
12,13,0.002681583
12,14,0.002928542
12,15,0.003219348
12,16,0.003492969
12,17,0.003817816
12,18,0.004162874
12,19,0.004529386
12,20,0.004869477
12,21,0.005278768
12,22,0.005713412
12,23,0.006174931
12,24,0.00659828
12,25,0.007113251
12,26,0.007659857
12,27,0.008239959
12,28,0.008855516
12,29,0.009508592
12,30,0.01020136
12,31,0.010936107
12,32,0.01159809
12,33,0.012415889
12,34,0.013282786
12,35,0.014201562
12,36,0.015175143
12,37,0.016206609
12,38,0.0172992
12,39,0.018456326
12,40,0.019681573
12,41,0.020978714
12,42,0.022351718
12,43,0.023804758
12,44,0.025342224
12,45,0.026968735
12,46,0.028689145
12,47,0.030508562
12,48,0.032108033
12,49,0.034121513
12,50,0.036249796
12,51,0.038499065
12,52,0.04087582
12,53,0.043386899
12,54,0.046039491
12,55,0.048841155
12,56,0.051799842
12,57,0.054923911
12,58,0.058222158
12,59,0.061703827
12,60,0.065378646
12,61,0.069256844
12,62,0.073349182
12,63,0.07766698
12,64,0.082222145
12,65,0.087027206
12,66,0.092095345
12,67,0.097440434
12,68,0.103077069
12,69,0.109020615
12,70,0.115287244
12,71,0.121893979
12,72,0.128858746
12,73,0.136200419
12,74,0.143938873
12,75,0.152095048
12,76,0.160690997
12,77,0.169749961
12,78,0.179296428
12,79,0.189356213
12,80,0.199956526
12,81,0.21112606
12,82,0.222895078
12,83,0.2352955
12,84,0.248361009
12,85,0.262127149
12,86,0.276631447
12,87,0.291913523
12,88,0.308015227
12,89,0.324980772
12,90,0.342856884
12,91,0.361692958
12,92,0.381541227
12,93,0.402456946
12,94,0.424498584
12,95,0.447728036
12,96,0.463396163
13,13,0.002727853
13,14,0.002977198
13,15,0.003271031
13,16,0.00354732
13,17,0.00387555
13,18,0.004224199
13,19,0.004594521
13,20,0.004937963
13,21,0.0053515
13,22,0.005790644
13,23,0.006256933
13,24,0.006684466
13,25,0.007204736
13,26,0.007756955
13,27,0.008342998
13,28,0.008964843
13,29,0.009624572
13,30,0.010324376
13,31,0.011066564
13,32,0.011735031
13,33,0.012561063
13,34,0.013436659
13,35,0.014364626
13,36,0.015347915
13,37,0.016389634
13,38,0.017493051
13,39,0.018661605
13,40,0.019898914
13,41,0.021208784
13,42,0.022595217
13,43,0.024062424
13,44,0.025614834
13,45,0.027257104
13,46,0.028994131
13,47,0.030831068
13,48,0.032445596
13,49,0.034478348
13,50,0.036626941
13,51,0.038897612
13,52,0.041296919
13,53,0.043831757
13,54,0.046509378
13,55,0.049337407
13,56,0.052323864
13,57,0.055477181
13,58,0.058806228
13,59,0.062320332
13,60,0.066029305
13,61,0.069943464
13,62,0.074073665
13,63,0.078431326
13,64,0.083028459
13,65,0.087877703
13,66,0.092992354
13,67,0.098386407
13,68,0.104074587
13,69,0.110072394
13,70,0.116396142
13,71,0.123063007
13,72,0.130091074
13,73,0.137499383
13,74,0.14530799
13,75,0.153538019
13,76,0.162211725
13,77,0.171352556
13,78,0.180985224
13,79,0.191135776
13,80,0.201831672
13,81,0.213101868
13,82,0.224976903
13,83,0.237488994
13,84,0.250672134
13,85,0.264562201
13,86,0.27919707
13,87,0.294616737
13,88,0.310863445
13,89,0.327981829
13,90,0.34601906
13,91,0.365025008
13,92,0.385052412
13,93,0.406157063
13,94,0.428398004
13,95,0.451837739
13,96,0.467664828
14,14,0.00302636
14,15,0.003323253
14,16,0.003602238
14,17,0.003933884
14,18,0.004286161
14,19,0.004660333
14,20,0.00500716
14,21,0.005424985
14,22,0.005868675
14,23,0.006339781
14,24,0.00677154
14,25,0.007297162
14,26,0.007855048
14,27,0.008447091
14,28,0.009075285
14,29,0.00974173
14,30,0.010448639
14,31,0.01119834
14,32,0.011873353
14,33,0.012707695
14,34,0.013592074
14,35,0.014529319
14,36,0.015522408
14,37,0.016574476
14,38,0.017688819
14,39,0.018868908
14,40,0.02011839
14,41,0.021441106
14,42,0.022841093
14,43,0.024322598
14,44,0.025890088
14,45,0.027548261
14,46,0.029302057
14,47,0.031156673
14,48,0.032786395
14,49,0.034838592
14,50,0.037007679
14,51,0.039299946
14,52,0.041722007
14,53,0.044280818
14,54,0.046983692
14,55,0.049838323
14,56,0.052852797
14,57,0.056035622
14,58,0.059395745
14,59,0.062942573
14,60,0.066686002
14,61,0.070636443
14,62,0.074804843
14,63,0.079202721
14,64,0.083842194
14,65,0.088736011
14,66,0.093897586
14,67,0.099341037
14,68,0.105081217
14,69,0.111133765
14,70,0.117515139
14,71,0.124242666
14,72,0.131334592
14,73,0.138810128
14,74,0.146689509
14,75,0.154994049
14,76,0.163746202
14,77,0.172969628
14,78,0.182689263
14,79,0.19293139
14,80,0.203723722
14,81,0.215095477
14,82,0.227077478
14,83,0.239702238
14,84,0.253004066
14,85,0.267019173
14,86,0.281785792
14,87,0.297344291
14,88,0.313737317
14,89,0.331009928
14,90,0.349209745
14,91,0.36838712
14,92,0.388595301
14,93,0.409890623
14,94,0.432332706
14,95,0.455984671
14,96,0.471972249
15,15,0.003376019
15,16,0.003657727
15,17,0.003992826
15,18,0.004348767
15,19,0.004726829
15,20,0.005077075
15,21,0.005499231
15,22,0.005947512
15,23,0.006423485
15,24,0.00685951
15,25,0.007390537
15,26,0.007954147
15,27,0.008552247
15,28,0.009186852
15,29,0.00986008
15,30,0.010574162
15,31,0.011331448
15,32,0.012013068
15,33,0.012855801
15,34,0.013749044
15,35,0.014695655
15,36,0.015698636
15,37,0.01676115
15,38,0.017886522
15,39,0.019078253
15,40,0.020340022
15,41,0.021675703
15,42,0.023089369
15,43,0.024585303
15,44,0.026168012
15,45,0.027842233
15,46,0.029612951
15,47,0.031485406
15,48,0.033130458
15,49,0.035202277
15,50,0.037392043
15,51,0.0397061
15,52,0.042151119
15,53,0.044734118
15,54,0.047462473
15,55,0.050343942
15,56,0.053386685
15,57,0.056599282
15,58,0.059990757
15,59,0.063570599
15,60,0.067348793
15,61,0.071335836
15,62,0.075542774
15,63,0.079981226
15,64,0.084663414
15,65,0.089602199
15,66,0.094811115
15,67,0.1003044
15,68,0.106097041
15,69,0.112204814
15,70,0.118644323
15,71,0.12543305
15,72,0.132589401
15,73,0.14013276
15,74,0.148083542
15,75,0.156463253
15,76,0.165294549
15,77,0.174601303
15,78,0.184408679
15,79,0.194743198
15,80,0.205632824
15,81,0.217107047
15,82,0.22919697
15,83,0.241935409
15,84,0.25535699
15,85,0.269498264
15,86,0.284397819
15,87,0.300096407
15,88,0.316637077
15,89,0.334065316
15,90,0.352429202
15,91,0.37177957
15,92,0.392170186
15,93,0.413657932
15,94,0.436303016
15,95,0.460169179
15,96,0.476318788
16,16,0.003713794
16,17,0.004052381
16,18,0.004412025
16,19,0.004794015
16,20,0.005147715
16,21,0.005574246
16,22,0.006027165
16,23,0.006508052
16,24,0.006948385
16,25,0.007484872
16,26,0.00805426
16,27,0.008658478
16,28,0.009299556
16,29,0.009979632
16,30,0.010700956
16,31,0.011465901
16,32,0.01215419
16,33,0.013005392
16,34,0.013907586
16,35,0.01486365
16,36,0.015876616
16,37,0.016949674
16,38,0.018086178
16,39,0.019289659
16,40,0.020563829
16,41,0.021912595
16,42,0.023340066
16,43,0.024850562
16,44,0.026448628
16,45,0.028139045
16,46,0.029926839
16,47,0.031817295
16,48,0.033477814
16,49,0.035569433
16,50,0.037780064
16,51,0.040116108
16,52,0.042584293
16,53,0.045191697
16,54,0.04794576
16,55,0.050854309
16,56,0.053925573
16,57,0.057168207
16,58,0.060591313
16,59,0.064204464
16,60,0.06801773
16,61,0.072041702
16,62,0.07628752
16,63,0.080766904
16,64,0.085492186
16,65,0.090476339
16,66,0.095733012
16,67,0.101276573
16,68,0.10712214
16,69,0.113285627
16,70,0.119783786
16,71,0.126634254
16,72,0.1338556
16,73,0.141467383
16,74,0.149490199
16,75,0.157945748
16,76,0.166856889
16,77,0.176247713
16,78,0.18614361
16,79,0.196571343
16,80,0.207559133
16,81,0.219136738
16,82,0.231335549
16,83,0.244188686
16,84,0.257731096
16,85,0.271999672
16,86,0.287033363
16,87,0.302873307
16,88,0.319562959
16,89,0.337148241
16,90,0.355677692
16,91,0.375202636
16,92,0.39577736
16,93,0.417459303
16,94,0.440309262
16,95,0.464391611
16,96,0.48070481
17,17,0.004112556
17,18,0.00447594
17,19,0.004861899
17,20,0.005219088
17,21,0.005650037
17,22,0.006107641
17,23,0.006593491
17,24,0.007038175
17,25,0.007580174
17,26,0.008155399
17,27,0.008765794
17,28,0.009413408
17,29,0.010100398
17,30,0.010829035
17,31,0.01160171
17,32,0.012296732
17,33,0.013156485
17,34,0.014067712
17,35,0.01503332
17,36,0.016056365
17,37,0.017140066
17,38,0.018287806
17,39,0.019503146
17,40,0.020789832
17,41,0.022151804
17,42,0.023593206
17,43,0.025118398
17,44,0.026731963
17,45,0.028438723
17,46,0.030243748
17,47,0.03215237
17,48,0.033828494
17,49,0.035940092
17,50,0.038171777
17,51,0.040530005
17,52,0.043021564
17,53,0.045653592
17,54,0.048433594
17,55,0.051369464
17,56,0.054469504
17,57,0.057742443
17,58,0.061197462
17,59,0.064844219
17,60,0.068692869
17,61,0.072754096
17,62,0.077039139
17,63,0.08155982
17,64,0.086328578
17,65,0.091358499
17,66,0.096663354
17,67,0.102257636
17,68,0.108156596
17,69,0.11437629
17,70,0.120933618
17,71,0.127846373
17,72,0.135133291
17,73,0.142814103
17,74,0.150909592
17,75,0.159441651
17,76,0.168433347
17,77,0.177908988
17,78,0.187894193
17,79,0.198415972
17,80,0.2095028
17,81,0.221184712
17,82,0.233493386
17,83,0.246462249
17,84,0.260126574
17,85,0.274523598
17,86,0.289692636
17,87,0.305675215
17,88,0.322515201
17,89,0.340258954
17,90,0.35895548
17,91,0.378656598
17,92,0.399417121
17,93,0.42129505
17,94,0.44435178
17,95,0.46865232
17,96,0.485130682
18,18,0.00454052
18,19,0.004930488
18,20,0.005291201
18,21,0.005726614
18,22,0.006188948
18,23,0.006679811
18,24,0.007128889
18,25,0.007676455
18,26,0.008257573
18,27,0.008874205
18,28,0.009528419
18,29,0.010222389
18,30,0.010958409
18,31,0.01173889
18,32,0.012440708
18,33,0.013309092
18,34,0.014229439
18,35,0.01520468
18,36,0.0162379
18,37,0.017332342
18,38,0.018491423
18,39,0.019718732
18,40,0.02101805
18,41,0.02239335
18,42,0.023848813
18,43,0.025388835
18,44,0.027018041
18,45,0.028741293
18,46,0.030563707
18,47,0.032490659
18,48,0.034182528
18,49,0.036314285
18,50,0.038567214
18,51,0.040947827
18,52,0.043462969
18,53,0.046119842
18,54,0.048926015
18,55,0.051889451
18,56,0.055018524
18,57,0.058322038
18,58,0.061809255
18,59,0.065489915
18,60,0.069374264
18,61,0.073473079
18,62,0.077797694
18,63,0.082360038
18,64,0.087172656
18,65,0.09224875
18,66,0.097602214
18,67,0.103247665
18,68,0.109200492
18,69,0.115476891
18,70,0.122093911
18,71,0.129069504
18,72,0.136422574
18,73,0.144173028
18,74,0.152341834
18,75,0.160951083
18,76,0.170024049
18,77,0.17958526
18,78,0.189660569
18,79,0.200277231
18,80,0.211463982
18,81,0.223251132
18,82,0.235670653
18,83,0.248756281
18,84,0.262543616
18,85,0.277070245
18,86,0.292375853
18,87,0.308502357
18,88,0.325494041
18,89,0.343397708
18,90,0.362262834
18,91,0.382141739
18,92,0.403089768
18,93,0.42516549
18,94,0.448430903
18,95,0.472951662
18,96,0.489596778
19,19,0.004999789
19,20,0.005364061
19,21,0.005803982
19,22,0.006271094
19,23,0.00676702
19,24,0.007220535
19,25,0.007773723
19,26,0.008360792
19,27,0.008983723
19,28,0.0096446
19,29,0.010345619
19,30,0.011089092
19,31,0.011877453
19,32,0.012586131
19,33,0.013463229
19,34,0.014392782
19,35,0.015377747
19,36,0.016421236
19,37,0.017526521
19,38,0.018697048
19,39,0.019936438
19,40,0.021248505
19,41,0.022637256
19,42,0.024106908
19,43,0.025661897
19,44,0.027306887
19,45,0.029046782
19,46,0.030886742
19,47,0.032832191
19,48,0.034539946
19,49,0.036692045
19,50,0.038966409
19,51,0.041369608
19,52,0.043908546
19,53,0.046590486
19,54,0.049423065
19,55,0.052414314
19,56,0.055572678
19,57,0.05890704
19,58,0.062426741
19,59,0.066141607
19,60,0.070061972
19,61,0.074198706
19,62,0.078563246
19,63,0.083167621
19,64,0.088024488
19,65,0.093147166
19,66,0.098549667
19,67,0.104246742
19,68,0.110253911
19,69,0.116587516
19,70,0.123264757
19,71,0.130303746
19,72,0.137723554
19,73,0.145544266
19,74,0.153787039
19,75,0.162474163
19,76,0.171629121
19,77,0.181276663
19,78,0.191442878
19,79,0.202155268
19,80,0.213442834
19,81,0.225336164
19,82,0.237867525
19,83,0.251070965
19,84,0.264982417
19,85,0.279639819
19,86,0.29508323
19,87,0.311354962
19,88,0.328499723
19,89,0.34656476
19,90,0.365600025
19,91,0.385658346
19,92,0.406795605
19,93,0.429070944
19,94,0.452546973
19,95,0.477289997
19,96,0.494103473
20,20,0.005437676
20,21,0.005882151
20,22,0.006354089
20,23,0.006855128
20,24,0.007313124
20,25,0.007871988
20,26,0.008465067
20,27,0.009094357
20,28,0.009761962
20,29,0.010470097
20,30,0.011221096
20,31,0.012017412
20,32,0.012733015
20,33,0.013618909
20,34,0.014557756
20,35,0.015552536
20,36,0.016606391
20,37,0.01772262
20,38,0.0189047
20,39,0.020156283
20,40,0.021481217
20,41,0.022883543
20,42,0.024367515
20,43,0.025937608
20,44,0.027598526
20,45,0.029355216
20,46,0.031212882
20,47,0.033176996
20,48,0.034900779
20,49,0.037073403
20,50,0.039369396
20,51,0.041795384
20,52,0.044358332
20,53,0.047065564
20,54,0.049924785
20,55,0.052944094
20,56,0.056132012
20,57,0.059497496
20,58,0.063049971
20,59,0.066799347
20,60,0.070756048
20,61,0.074931039
20,62,0.079335857
20,63,0.083982636
20,64,0.088884144
20,65,0.094053817
20,66,0.099505791
20,67,0.105254945
20,68,0.111316938
20,69,0.117708255
20,70,0.12444625
20,71,0.131549195
20,72,0.139036332
20,73,0.146927926
20,74,0.155245322
20,75,0.164011012
20,76,0.17324869
20,77,0.182983332
20,78,0.193241262
20,79,0.204050234
20,80,0.215439516
20,81,0.227439975
20,82,0.240084177
20,83,0.253406486
20,84,0.267443173
20,85,0.282232527
20,86,0.297814986
20,87,0.314233262
20,88,0.331532489
20,89,0.349760366
20,90,0.368967326
20,91,0.389206706
20,92,0.410534936
20,93,0.433011735
20,94,0.456700331
20,95,0.481667688
20,96,0.498651146
21,21,0.005961128
21,22,0.00643794
21,23,0.006944143
21,24,0.007406663
21,25,0.00797126
21,26,0.008570407
21,27,0.009206118
21,28,0.009880517
21,29,0.010595838
21,30,0.011354433
21,31,0.012158781
21,32,0.012881374
21,33,0.013776149
21,34,0.014724376
21,35,0.015729064
21,36,0.016793381
21,37,0.017920657
21,38,0.019114397
21,39,0.020378287
21,40,0.021716206
21,41,0.023132233
21,42,0.024630657
21,43,0.026215992
21,44,0.027892983
21,45,0.029666621
21,46,0.031542155
21,47,0.033525103
21,48,0.035265058
21,49,0.037458392
21,50,0.039776209
21,51,0.042225191
21,52,0.044812364
21,53,0.047545116
21,54,0.050431217
21,55,0.053478838
21,56,0.056696572
21,57,0.060093457
21,58,0.063678996
21,59,0.067463188
21,60,0.071456548
21,61,0.075670136
21,62,0.080115589
21,63,0.084805148
21,64,0.089751693
21,65,0.094968777
21,66,0.100470661
21,67,0.106272355
21,68,0.112389657
21,69,0.118839198
21,70,0.125638485
21,71,0.132805953
21,72,0.140361015
21,73,0.148324118
21,74,0.1567168
21,75,0.165561752
21,76,0.174882886
21,77,0.184705402
21,78,0.195055864
21,79,0.20596228
21,80,0.217454185
21,81,0.229562731
21,82,0.242320787
21,83,0.255763034
21,84,0.26992608
21,85,0.284848576
21,86,0.30057134
21,87,0.31713749
21,88,0.334592586
21,89,0.352984788
21,90,0.372365012
21,91,0.392787113
21,92,0.414308071
21,93,0.43698819
21,94,0.460891324
21,95,0.486085101
21,96,0.503240182
22,22,0.006522657
22,23,0.007034075
22,24,0.007501163
22,25,0.008071549
22,26,0.008676823
22,27,0.009319019
22,28,0.010000277
22,29,0.010722852
22,30,0.011489118
22,31,0.012301574
22,32,0.013031223
22,33,0.013934961
22,34,0.014892657
22,35,0.015907347
22,36,0.016982225
22,37,0.01812065
22,38,0.019326159
22,39,0.02060247
22,40,0.021953494
22,41,0.023383347
22,42,0.024896357
22,43,0.026497074
22,44,0.028190285
22,45,0.029981026
22,46,0.031874589
22,47,0.033876542
22,48,0.035632813
22,49,0.037847045
22,50,0.040186883
22,51,0.042659066
22,52,0.045270681
22,53,0.04802918
22,54,0.050942402
22,55,0.054018588
22,56,0.057266405
22,57,0.060694969
22,58,0.064313868
22,59,0.068133186
22,60,0.07216353
22,61,0.076416057
22,62,0.080902505
22,63,0.085635223
22,64,0.090627204
22,65,0.095892119
22,66,0.101444355
22,67,0.107299055
22,68,0.113472155
22,69,0.119980434
22,70,0.126841555
22,71,0.134074117
22,72,0.141697707
22,73,0.149732953
22,74,0.158201588
22,75,0.167126507
22,76,0.176531838
22,77,0.18644301
22,78,0.196886828
22,79,0.207891557
22,80,0.219487002
22,81,0.231704604
22,82,0.244577533
22,83,0.258140795
22,84,0.272431339
22,85,0.287488179
22,86,0.303352517
22,87,0.32006788
22,88,0.337680264
22,89,0.356238288
22,90,0.375793361
22,91,0.396399861
22,92,0.418115321
22,93,0.44100064
22,94,0.465120301
22,95,0.490542609
22,96,0.507870968
23,23,0.007124931
23,24,0.007596633
23,25,0.008172865
23,26,0.008784327
23,27,0.009433069
23,28,0.010121252
23,29,0.010851151
23,30,0.011625161
23,31,0.012445803
23,32,0.013182574
23,33,0.014095361
23,34,0.015062616
23,35,0.016087401
23,36,0.017172939
23,37,0.018322618
23,38,0.019540005
23,39,0.020828851
23,40,0.022193103
23,41,0.02363691
23,42,0.025164638
23,43,0.026780878
23,44,0.028490458
23,45,0.030298457
23,46,0.032210214
23,47,0.034231344
23,48,0.036004076
23,49,0.038239395
23,50,0.040601451
23,51,0.043097044
23,52,0.04573332
23,53,0.048517799
23,54,0.051458384
23,55,0.054563389
23,56,0.057841557
23,57,0.061302084
23,58,0.064954639
23,59,0.068809395
23,60,0.072877052
23,61,0.077168863
23,62,0.08169667
23,63,0.086472929
23,64,0.091510748
23,65,0.096823917
23,66,0.102426951
23,67,0.108335125
23,68,0.114564518
23,69,0.121132055
23,70,0.128055558
23,71,0.135353791
23,72,0.143046514
23,73,0.151154544
23,74,0.159699805
23,75,0.168705402
23,76,0.178195678
23,77,0.188196295
23,78,0.198734301
23,79,0.20983822
23,80,0.221538131
23,81,0.233865764
23,82,0.246854597
23,83,0.260539961
23,84,0.274959151
23,85,0.290151547
23,86,0.30615874
23,87,0.323024671
23,88,0.340795773
23,89,0.359521133
23,90,0.379252656
23,91,0.400045246
23,92,0.421957
23,93,0.445049417
23,94,0.469387617
23,95,0.495040584
23,96,0.512543895
24,24,0.007693082
24,25,0.008275218
24,26,0.008892927
24,27,0.00954828
24,28,0.010243455
24,29,0.010980749
24,30,0.011762578
24,31,0.012591484
24,32,0.013335443
24,33,0.014257365
24,34,0.015234268
24,35,0.016269244
24,36,0.017365541
24,37,0.018526578
24,38,0.019755954
24,39,0.021057452
24,40,0.022435052
24,41,0.023892942
24,42,0.025435524
24,43,0.027067429
24,44,0.028793527
24,45,0.030618941
24,46,0.032549057
24,47,0.034589539
24,48,0.036378879
24,49,0.038635475
24,50,0.04101995
24,51,0.043539162
24,52,0.046200322
24,53,0.049011012
24,54,0.051979205
24,55,0.055113287
24,56,0.058422077
24,57,0.06191485
24,58,0.065601361
24,59,0.06949187
24,60,0.073597171
24,61,0.077928615
24,62,0.082498147
24,63,0.087318334
24,64,0.092402396
24,65,0.097764247
24,66,0.103418528
24,67,0.10938065
24,68,0.115666833
24,69,0.122294153
24,70,0.12928059
24,71,0.136645075
24,72,0.144407545
24,73,0.152589003
24,74,0.161211571
24,75,0.170298561
24,76,0.179874538
24,77,0.189965396
24,78,0.20059843
24,79,0.211802424
24,80,0.223607735
24,81,0.236046384
24,82,0.249152161
24,83,0.262960725
24,84,0.27750972
24,85,0.292838896
24,86,0.308990237
24,87,0.326008102
24,88,0.343939367
24,89,0.36283359
24,90,0.382743178
24,91,0.403723569
24,92,0.425833428
24,93,0.449134859
24,94,0.473693627
24,95,0.499579406
24,96,0.517259358
25,25,0.008378617
25,26,0.009002635
25,27,0.009664662
25,28,0.010366898
25,29,0.011111658
25,30,0.011901379
25,31,0.012738628
25,32,0.013489844
25,33,0.014420986
25,34,0.01540763
25,35,0.016452891
25,36,0.017560048
25,37,0.01873255
25,38,0.019974026
25,39,0.021288293
25,40,0.022679365
25,41,0.024151467
25,42,0.025709039
25,43,0.027356752
25,44,0.02909952
25,45,0.030942508
25,46,0.032891149
25,47,0.034951157
25,48,0.036757254
25,49,0.039035318
25,50,0.041442414
25,51,0.043985459
25,52,0.046671725
25,53,0.04950886
25,54,0.052504908
25,55,0.055668327
25,56,0.059008012
25,57,0.062533319
25,58,0.066254087
25,59,0.070180667
25,60,0.074323945
25,61,0.078695374
25,62,0.083307002
25,63,0.088171504
25,64,0.09330222
25,65,0.098713183
25,66,0.104419165
25,67,0.110435712
25,68,0.116779188
25,69,0.123466821
25,70,0.130516748
25,71,0.137948072
25,72,0.145780908
25,73,0.154036445
25,74,0.162737006
25,75,0.171906113
25,76,0.181568552
25,77,0.191750454
25,78,0.202479363
25,79,0.213784326
25,80,0.225695979
25,81,0.238246639
25,82,0.251470409
25,83,0.265403281
25,84,0.28008325
25,85,0.295550442
25,86,0.311847237
25,87,0.329018415
25,88,0.347111301
25,89,0.36617593
25,90,0.386265215
25,91,0.407435133
25,92,0.429744925
25,93,0.453257305
25,94,0.478038692
25,95,0.504159455
25,96,0.522017758
26,26,0.009113462
26,27,0.009782229
26,28,0.010491593
26,29,0.01124389
26,30,0.01204158
26,31,0.012887251
26,32,0.013645791
26,33,0.014586241
26,34,0.015582716
26,35,0.01663836
26,36,0.017756478
26,37,0.018940552
26,38,0.02019424
26,39,0.021521394
26,40,0.022926063
26,41,0.024412507
26,42,0.025985207
26,43,0.027648873
26,44,0.029408462
26,45,0.031269184
26,46,0.033236519
26,47,0.03531623
26,48,0.037139234
26,49,0.03943896
26,50,0.04186888
26,51,0.044435971
26,52,0.047147568
26,53,0.050011386
26,54,0.053035538
26,55,0.056228555
26,56,0.05959941
26,57,0.06315754
26,58,0.066912871
26,59,0.070875842
26,60,0.075057435
26,61,0.079469203
26,62,0.084123299
26,63,0.08903251
26,64,0.094210292
26,65,0.099670803
26,66,0.105428943
26,67,0.111500397
26,68,0.117901672
26,69,0.124650151
26,70,0.131764132
26,71,0.139262887
26,72,0.147166711
26,73,0.155496985
26,74,0.164276231
26,75,0.173528184
26,76,0.183277855
26,77,0.193551612
26,78,0.20437725
26,79,0.215784084
26,80,0.227803029
26,81,0.240466705
26,82,0.253809527
26,83,0.267867824
26,84,0.28267995
26,85,0.298286405
26,86,0.314729972
26,87,0.332055856
26,88,0.350311836
26,89,0.369548427
26,90,0.389819056
26,91,0.411180245
26,92,0.433691815
26,93,0.457417099
26,94,0.482423176
26,95,0.508781119
26,96,0.526819496
27,27,0.00990099
27,28,0.010617551
27,29,0.011377458
27,30,0.012183193
27,31,0.013037366
27,32,0.013803299
27,33,0.014753145
27,34,0.015759544
27,35,0.016825667
27,36,0.01795485
27,37,0.019150602
27,38,0.020416616
27,39,0.021756776
27,40,0.023175168
27,41,0.024676086
27,42,0.026264052
27,43,0.027943817
27,44,0.02972038
27,45,0.031598997
27,46,0.033585196
27,47,0.035684789
27,48,0.037524849
27,49,0.039846433
27,50,0.042299383
27,51,0.044890736
27,52,0.047627891
27,53,0.050518631
27,54,0.053571138
27,55,0.056794017
27,56,0.06019632
27,57,0.063787566
27,58,0.067577766
27,59,0.071577451
27,60,0.075797699
27,61,0.080250164
27,62,0.084947104
27,63,0.089901421
27,64,0.095126686
27,65,0.100637182
27,66,0.106447942
27,67,0.112574789
27,68,0.119034376
27,69,0.125844239
27,70,0.13302284
27,71,0.140589623
27,72,0.148565066
27,73,0.156970739
27,74,0.165829368
27,75,0.175164903
27,76,0.185002583
27,77,0.195369012
27,78,0.206292243
27,79,0.217801857
27,80,0.229929056
27,81,0.242706758
27,82,0.256169702
27,83,0.270354555
27,84,0.285300028
27,85,0.301047005
27,86,0.317638673
27,87,0.33512067
27,88,0.35354123
27,89,0.372951357
27,90,0.393404994
27,91,0.414959214
27,92,0.437674426
27,93,0.461614588
27,94,0.486847446
27,95,0.513444785
27,96,0.531664982
28,28,0.010744785
28,29,0.011512375
28,30,0.012326231
28,31,0.013188987
28,32,0.013962383
28,33,0.014921714
28,34,0.01593813
28,35,0.017014831
28,36,0.018155181
28,37,0.019362721
28,38,0.020641175
28,39,0.021994462
28,40,0.023426701
28,41,0.024942227
28,42,0.026545599
28,43,0.02824161
28,44,0.030035302
28,45,0.031931977
28,46,0.03393721
28,47,0.036056865
28,48,0.037914135
28,49,0.040257772
28,50,0.042733959
28,51,0.045349792
28,52,0.048112735
28,53,0.051030637
28,54,0.054111752
28,55,0.05736476
28,56,0.060798791
28,57,0.064423447
28,58,0.068248826
28,59,0.072285551
28,60,0.076544798
28,61,0.08103832
28,62,0.085778485
28,63,0.090778306
28,64,0.096051474
28,65,0.101612399
28,66,0.107476245
28,67,0.113658974
28,68,0.120177388
28,69,0.127049179
28,70,0.134292973
28,71,0.141928388
28,72,0.149976083
28,73,0.158457824
28,74,0.167396542
28,75,0.176816402
28,76,0.186742872
28,77,0.1972028
28,78,0.208224494
28,79,0.219837806
28,80,0.232074227
28,81,0.24496698
28,82,0.258551124
28,83,0.272863671
28,84,0.287943695
28,85,0.303832465
28,86,0.320573579
28,87,0.338213107
28,88,0.356799749
28,89,0.376384999
28,90,0.397023323
28,91,0.418772352
28,92,0.441693088
28,93,0.465850122
28,94,0.491311874
28,95,0.518150849
28,96,0.536554626
29,29,0.011648653
29,30,0.012470708
29,31,0.01334213
29,32,0.014123057
29,33,0.015091962
29,34,0.01611849
29,35,0.017205867
29,36,0.018357489
29,37,0.019576926
29,38,0.020867936
29,39,0.02223447
29,40,0.023680686
29,41,0.025210954
29,42,0.026829873
29,43,0.028542278
29,44,0.030353255
29,45,0.032268152
29,46,0.034292592
29,47,0.03643249
29,48,0.038307122
29,49,0.040673013
29,50,0.043172645
29,51,0.045813178
29,52,0.048602139
29,53,0.051547446
29,54,0.054657425
29,55,0.05794083
29,56,0.061406872
29,57,0.065065235
29,58,0.068926107
29,59,0.073000201
29,60,0.077298792
29,61,0.081833735
29,62,0.086617508
29,63,0.091663236
29,64,0.096984732
29,65,0.102596531
29,66,0.108513932
29,67,0.114753039
29,68,0.121330801
29,69,0.128265068
29,70,0.135574633
29,71,0.143279286
29,72,0.151399874
29,73,0.159958359
29,74,0.168977876
29,75,0.178482811
29,76,0.188498862
29,77,0.199053122
29,78,0.210174157
29,79,0.221892095
29,80,0.234238716
29,81,0.24724755
29,82,0.260953985
29,83,0.275395375
29,84,0.290611164
29,85,0.306643011
29,86,0.323534925
29,87,0.341333419
29,88,0.360087658
29,89,0.379849634
29,90,0.400674341
29,91,0.422619974
29,92,0.445748135
29,93,0.470124054
29,94,0.495816834
29,95,0.522899708
29,96,0.541488844
30,30,0.012616639
30,31,0.013496807
30,32,0.014285337
30,33,0.015263907
30,34,0.016300641
30,35,0.017398795
30,36,0.018561793
30,37,0.019793238
30,38,0.02109692
30,39,0.022476824
30,40,0.023937144
30,41,0.025482289
30,42,0.027116898
30,43,0.028845847
30,44,0.030674267
30,45,0.032607551
30,46,0.034651373
30,47,0.036811696
30,48,0.038703846
30,49,0.04109219
30,50,0.043615479
30,51,0.046280932
30,52,0.049096145
30,53,0.052069102
30,54,0.055208202
30,55,0.058522276
30,56,0.062020614
30,57,0.065712984
30,58,0.069609663
30,59,0.073721459
30,60,0.078059742
30,61,0.082636474
30,62,0.087464241
30,63,0.092556282
30,64,0.097926534
30,65,0.103589658
30,66,0.109561088
30,67,0.115857071
30,68,0.122494707
30,69,0.129492003
30,70,0.13686792
30,71,0.144642426
30,72,0.152836554
30,73,0.161472462
30,74,0.170573497
30,75,0.180164263
30,76,0.190270692
30,77,0.200920125
30,78,0.212141388
30,79,0.223964887
30,80,0.236422694
30,81,0.249548651
30,82,0.263378475
30,83,0.277949871
30,84,0.293302651
30,85,0.309478869
30,86,0.326522954
30,87,0.34448186
30,88,0.363405226
30,89,0.383345546
30,90,0.404358349
30,91,0.4265024
30,92,0.449839905
30,93,0.474436743
30,94,0.500362706
30,95,0.527691762
30,96,0.546468057
31,31,0.013653035
31,32,0.014449238
31,33,0.015437563
31,34,0.0164846
31,35,0.017593631
31,36,0.018768112
31,37,0.020011676
31,38,0.021328147
31,39,0.022721545
31,40,0.024196099
31,41,0.025756258
31,42,0.0274067
31,43,0.029152344
31,44,0.030998365
31,45,0.032950204
31,46,0.035013582
31,47,0.037194515
31,48,0.039104339
31,49,0.041515339
31,50,0.044062496
31,51,0.046753095
31,52,0.049594794
31,53,0.052595648
31,54,0.055764129
31,55,0.059109146
31,56,0.062640066
31,57,0.066366746
31,58,0.07029955
31,59,0.074449382
31,60,0.07882771
31,61,0.083446602
31,62,0.088318751
31,63,0.093457517
31,64,0.098876955
31,65,0.104591858
31,66,0.110617796
31,67,0.116971159
31,68,0.123669198
31,69,0.130730082
31,70,0.138172939
31,71,0.146017917
31,72,0.154286236
31,73,0.163000256
31,74,0.172183532
31,75,0.181860892
31,76,0.192058504
31,77,0.202803957
31,78,0.214126344
31,79,0.226056347
31,80,0.238626337
31,81,0.251870469
31,82,0.265824792
31,83,0.280527364
31,84,0.296018374
31,85,0.312340271
31,86,0.329537907
31,87,0.347658686
31,88,0.366752724
31,89,0.386873022
31,90,0.408075651
31,91,0.430419949
31,92,0.453968738
31,93,0.478788549
31,94,0.504949872
31,95,0.532527419
31,96,0.551492688
32,32,0.014614775
32,33,0.015612948
32,34,0.016670383
32,35,0.017790393
32,36,0.018976464
32,37,0.02023226
32,38,0.021561638
32,39,0.022968654
32,40,0.024457574
32,41,0.026032884
32,42,0.027699304
32,43,0.029461795
32,44,0.031325578
32,45,0.033296139
32,46,0.035379251
32,47,0.037580981
32,48,0.039508636
32,49,0.041942495
32,50,0.044513735
32,51,0.047229704
32,52,0.050098127
32,53,0.053127128
32,54,0.056325253
32,55,0.059701486
32,56,0.063265281
32,57,0.067026575
32,58,0.070995826
32,59,0.07518403
32,60,0.079602759
32,61,0.084264183
32,62,0.089181109
32,63,0.094367013
32,64,0.099836073
32,65,0.105603214
32,66,0.111684141
32,67,0.118095391
32,68,0.124854368
32,69,0.131979402
32,70,0.139489793
32,71,0.147405867
32,72,0.155749036
32,73,0.16454186
32,74,0.173808109
32,75,0.183572833
32,76,0.19386244
32,77,0.20470477
32,78,0.216129183
32,79,0.228166643
32,80,0.240849821
32,81,0.254213188
32,82,0.26829313
32,83,0.283128062
32,84,0.29875855
32,85,0.315227446
32,86,0.332580029
32,87,0.350864156
32,88,0.370130426
32,89,0.390432352
32,90,0.411826553
32,91,0.434372948
32,92,0.458134978
32,93,0.483179837
32,94,0.509578718
32,95,0.537407088
32,96,0.556563167
33,33,0.015790076
33,34,0.016858008
33,35,0.0179891
33,36,0.019186868
33,37,0.02045501
33,38,0.021797415
33,39,0.023218174
33,40,0.024721591
33,41,0.026312191
33,42,0.027994735
33,43,0.029774227
33,44,0.031655933
33,45,0.033645387
33,46,0.035748411
33,47,0.037971126
33,48,0.03991677
33,49,0.042373694
33,50,0.044969234
33,51,0.0477108
33,52,0.050606186
33,53,0.053663585
33,54,0.056891618
33,55,0.060299347
33,56,0.063896307
33,57,0.067692524
33,58,0.071698545
33,59,0.075925463
33,60,0.08038495
33,61,0.085089284
33,62,0.090051384
33,63,0.095284842
33,64,0.100803964
33,65,0.106623804
33,66,0.112760208
33,67,0.119229857
33,68,0.126050313
33,69,0.133240065
33,70,0.140818586
33,71,0.148806387
33,72,0.15722507
33,73,0.166097398
33,74,0.175447356
33,75,0.185300222
33,76,0.195682643
33,77,0.206622715
33,78,0.218150065
33,79,0.230295944
33,80,0.243093324
33,81,0.256576997
33,82,0.270783689
33,83,0.285752174
33,84,0.301523401
33,85,0.318140629
33,86,0.335649567
33,87,0.354098532
33,88,0.373538608
33,89,0.394023829
33,90,0.415611365
33,91,0.438361724
33,92,0.462338973
33,93,0.487610974
33,94,0.514249634
33,95,0.542331182
33,96,0.561679927
34,34,0.017047492
34,35,0.018189769
34,36,0.019399344
34,37,0.020679945
34,38,0.022035497
34,39,0.023470127
34,40,0.024988174
34,41,0.026594205
34,42,0.02829302
34,43,0.030089668
34,44,0.031989459
34,45,0.033997977
34,46,0.036121094
34,47,0.038364983
34,48,0.040328777
34,49,0.042808974
34,50,0.045429031
34,51,0.048196424
34,52,0.051119013
34,53,0.054205064
34,54,0.057463272
34,55,0.060902778
34,56,0.064533199
34,57,0.068364649
34,58,0.072407766
34,59,0.076673741
34,60,0.081174348
34,61,0.085921972
34,62,0.090929645
34,63,0.096211079
34,64,0.101780705
34,65,0.107653712
34,66,0.113846083
34,67,0.120374649
34,68,0.127257126
34,69,0.134512169
34,70,0.142159426
34,71,0.150219589
34,72,0.158714456
34,73,0.167666994
34,74,0.177101405
34,75,0.187043197
34,76,0.197519259
34,77,0.208557944
34,78,0.220189151
34,79,0.23244442
34,80,0.245357026
34,81,0.258962086
34,82,0.273296669
34,83,0.288399912
34,84,0.304313152
34,85,0.321080057
34,86,0.338746772
34,87,0.357362077
34,88,0.37697755
34,89,0.397647749
34,90,0.4194304
34,91,0.442386608
34,92,0.466581073
34,93,0.492082333
34,94,0.518963016
34,95,0.547300121
34,96,0.566843405
35,35,0.018392419
35,36,0.019613909
35,37,0.020907086
35,38,0.022275907
35,39,0.023724534
35,40,0.025257347
35,41,0.026878949
35,42,0.028594184
35,43,0.030408144
35,44,0.032326186
35,45,0.03435394
35,46,0.036497331
35,47,0.038762586
35,48,0.040744691
35,49,0.043248369
35,50,0.045893164
35,51,0.048686615
35,52,0.051636651
35,53,0.054751611
35,54,0.058040262
35,55,0.061511827
35,56,0.065176007
35,57,0.069043003
35,58,0.073123546
35,59,0.077428925
35,60,0.081971016
35,61,0.086762314
35,62,0.091815963
35,63,0.097145798
35,64,0.102766376
35,65,0.108693019
35,66,0.114941853
35,67,0.121529857
35,68,0.128474904
35,69,0.135795817
35,70,0.143512418
35,71,0.151645585
35,72,0.160217312
35,73,0.169250772
35,74,0.178770387
35,75,0.188801896
35,76,0.199372434
35,77,0.210510612
35,78,0.222246604
35,79,0.234612241
35,80,0.247641107
35,81,0.261368646
35,82,0.275832271
35,83,0.291071489
35,84,0.307128027
35,85,0.324045967
35,86,0.341871895
35,87,0.360655058
35,88,0.380447533
35,89,0.401304408
35,90,0.423283974
35,91,0.446447935
35,92,0.470861634
35,93,0.496594289
35,94,0.523719261
35,95,0.552314326
35,96,0.572054043
36,36,0.019830585
36,37,0.021136454
36,38,0.022518666
36,39,0.02398142
36,40,0.025529133
36,41,0.027166449
36,42,0.028898254
36,43,0.030729684
36,44,0.032666141
36,45,0.034713307
36,46,0.036877155
36,47,0.039163968
36,48,0.041164547
36,49,0.043691918
36,50,0.046361672
36,51,0.049181415
36,52,0.052159144
36,53,0.055303269
36,54,0.058622635
36,55,0.062126546
36,56,0.065824784
36,57,0.069727642
36,58,0.073845943
36,59,0.078191076
36,60,0.082775019
36,61,0.087610377
36,62,0.09271041
36,63,0.098089074
36,64,0.103761055
36,65,0.109741808
36,66,0.116047605
36,67,0.122695573
36,68,0.129703745
36,69,0.137091111
36,70,0.144877671
36,71,0.153084489
36,72,0.161733757
36,73,0.170848858
36,74,0.180454435
36,75,0.19057646
36,76,0.201242315
36,77,0.212480874
36,78,0.224322589
36,79,0.236799583
36,80,0.249945752
36,81,0.263796869
36,82,0.2783907
36,83,0.293767121
36,84,0.309968254
36,85,0.3270386
36,86,0.34502519
36,87,0.363977744
36,88,0.383948844
36,89,0.40499411
36,90,0.427172406
36,91,0.450546043
36,92,0.475181012
36,93,0.501147223
36,94,0.528518772
36,95,0.557374224
36,96,0.577312289
37,37,0.021368068
37,38,0.022763795
37,39,0.024240806
37,40,0.025803556
37,41,0.02745673
37,42,0.029205256
37,43,0.031054314
37,44,0.033009355
37,45,0.035076108
37,46,0.037260599
37,47,0.039569164
37,48,0.041588381
37,49,0.044139658
37,50,0.046834595
37,51,0.049680865
37,52,0.052686534
37,53,0.055860085
37,54,0.05921044
37,55,0.062746984
37,56,0.066479584
37,57,0.070418622
37,58,0.074575017
37,59,0.078960255
37,60,0.083586421
37,61,0.08846623
37,62,0.093613058
37,63,0.099040983
37,64,0.104764821
37,65,0.110800165
37,66,0.117163428
37,67,0.123871891
37,68,0.130943746
37,69,0.138398154
37,70,0.146255292
37,71,0.154536415
37,72,0.163263913
37,73,0.17246138
37,74,0.182153683
37,75,0.192367029
37,76,0.203129052
37,77,0.214468889
37,78,0.226417271
37,79,0.239006619
37,80,0.252271144
37,81,0.266246952
37,82,0.280972162
37,83,0.296487026
37,84,0.312834063
37,85,0.330058199
37,86,0.348206914
37,87,0.367330408
37,88,0.387481767
37,89,0.408717158
37,90,0.431096018
37,91,0.454681273
37,92,0.479539569
37,93,0.505741516
37,94,0.533361955
37,95,0.562480248
37,96,0.582618593
38,38,0.023011316
38,39,0.024502715
38,40,0.02608064
38,41,0.027749818
38,42,0.029515217
38,43,0.031382064
38,44,0.033355857
38,45,0.035442374
38,46,0.037647694
38,47,0.039978207
38,48,0.042016229
38,49,0.044591625
38,50,0.047311972
38,51,0.050185006
38,52,0.053218865
38,53,0.056422105
38,54,0.059803725
38,55,0.063373192
38,56,0.06714046
38,57,0.071115999
38,58,0.075310826
38,59,0.079736525
38,60,0.084405289
38,61,0.089329942
38,62,0.094523979
38,63,0.100001602
38,64,0.105777756
38,65,0.111868173
38,66,0.118289411
38,67,0.125058904
38,68,0.132195007
38,69,0.13971705
38,70,0.147645392
38,71,0.156001478
38,72,0.1648079
38,73,0.174088466
38,74,0.183868266
38,75,0.194173747
38,76,0.205032795
38,77,0.216474814
38,78,0.228530818
38,79,0.241233527
38,80,0.254617471
38,81,0.268719091
38,82,0.283576864
38,83,0.299231422
38,84,0.315725687
38,85,0.33310501
38,86,0.351417328
38,87,0.370713322
38,88,0.391046595
38,89,0.412473859
38,90,0.435055135
38,91,0.45885397
38,92,0.483937672
38,93,0.510377556
38,94,0.53824922
38,95,0.567632831
38,96,0.587973411
39,39,0.024767171
39,40,0.026360411
39,41,0.028045737
39,42,0.029828163
39,43,0.031712962
39,44,0.033705676
39,45,0.035812137
39,46,0.038038473
39,47,0.040391133
39,48,0.042448126
39,49,0.045047859
39,50,0.047793843
39,51,0.050693881
39,52,0.053756181
39,53,0.056989374
39,54,0.060402539
39,55,0.064005222
39,56,0.067807465
39,57,0.071819831
39,58,0.076053429
39,59,0.08051995
39,60,0.085231688
39,61,0.090201582
39,62,0.095443246
39,63,0.100971006
39,64,0.10679994
39,65,0.112945917
39,66,0.119425643
39,67,0.126256707
39,68,0.133457626
39,69,0.141047905
39,70,0.149048082
39,71,0.157479796
39,72,0.166365843
39,73,0.175730245
39,74,0.185598321
39,75,0.195996758
39,76,0.206953696
39,77,0.218498809
39,78,0.230663398
39,79,0.243480485
39,80,0.256984919
39,81,0.271213484
39,82,0.286205017
39,83,0.302000532
39,84,0.318643358
39,85,0.33617928
39,86,0.354656692
39,87,0.374126765
39,88,0.394643621
39,89,0.416264524
39,90,0.439050086
39,91,0.463064481
39,92,0.488375687
39,93,0.515055735
39,94,0.543180983
39,95,0.572832415
39,96,0.593377204
40,40,0.026642891
40,41,0.028344514
40,42,0.030144123
40,43,0.032047036
40,44,0.034058844
40,45,0.036185427
40,46,0.038432971
40,47,0.040807977
40,48,0.04288411
40,49,0.045508398
40,50,0.048280248
40,51,0.051207531
40,52,0.054298527
40,53,0.057561941
40,54,0.061006931
40,55,0.064643125
40,56,0.068480655
40,57,0.072530173
40,58,0.076802889
40,59,0.081310591
40,60,0.086065685
40,61,0.091081221
40,62,0.096370934
40,63,0.101949275
40,64,0.107831455
40,65,0.114033484
40,66,0.120572216
40,67,0.127465395
40,68,0.134731705
40,69,0.142390823
40,70,0.150463472
40,71,0.158971485
40,72,0.167937864
40,73,0.177386848
40,74,0.187343985
40,75,0.197836206
40,76,0.208891908
40,77,0.220541037
40,78,0.232815182
40,79,0.245747672
40,80,0.25937368
40,81,0.273730333
40,82,0.288856832
40,83,0.30479458
40,84,0.321587315
40,85,0.339281259
40,86,0.357925271
40,87,0.377571015
40,88,0.398273139
40,89,0.420089466
40,90,0.443081202
40,91,0.467313159
40,92,0.492853989
40,93,0.519776446
40,94,0.548157662
40,95,0.578079444
40,96,0.598830437
41,41,0.028646175
41,42,0.030463123
41,43,0.032384314
41,44,0.034415389
41,45,0.036562278
41,46,0.03883122
41,47,0.041228773
41,48,0.043324215
41,49,0.045973279
41,50,0.048771227
41,51,0.051726
41,52,0.054845947
41,53,0.058139852
41,54,0.06161695
41,55,0.065286955
41,56,0.069160084
41,57,0.073247085
41,58,0.077559264
41,59,0.082108514
41,60,0.086907347
41,61,0.09196893
41,62,0.097307117
41,63,0.102936487
41,64,0.108872384
41,65,0.115130962
41,66,0.121729221
41,67,0.128685066
41,68,0.136017345
41,69,0.143745912
41,70,0.151891676
41,71,0.160476665
41,72,0.169524089
41,73,0.179058407
41,74,0.189105398
41,75,0.199692238
41,76,0.210847585
41,77,0.222601659
41,78,0.234986342
41,79,0.248035271
41,80,0.261783945
41,81,0.276269839
41,82,0.291532523
41,83,0.30761379
41,84,0.324557795
41,85,0.3424112
41,86,0.361223333
41,87,0.381046357
41,88,0.40193545
41,89,0.423949001
41,90,0.447148819
41,91,0.471600357
41,92,0.497372952
41,93,0.52454009
41,94,0.553179681
41,95,0.583374367
41,96,0.604333581
42,42,0.030785191
42,43,0.032724827
42,44,0.034775343
42,45,0.036942722
42,46,0.039233254
42,47,0.041653557
42,48,0.043768481
42,49,0.046442543
42,50,0.049266822
42,51,0.05224933
42,52,0.055398488
42,53,0.058723154
42,54,0.062232646
42,55,0.065936762
42,56,0.069845808
42,57,0.073970625
42,58,0.078322617
42,59,0.082913782
42,60,0.087756742
42,61,0.09286478
42,62,0.098251869
42,63,0.10393272
42,64,0.10992281
42,65,0.116238436
42,66,0.122896751
42,67,0.129915816
42,68,0.137314649
42,69,0.14511328
42,70,0.153332807
42,71,0.161995456
42,72,0.171124645
42,73,0.180745055
42,74,0.190882699
42,75,0.201565002
42,76,0.212820884
42,77,0.224680842
42,78,0.237177052
42,79,0.250343464
42,80,0.264215907
42,81,0.278832207
42,82,0.294232306
42,83,0.310458393
42,84,0.32755504
42,85,0.345569357
42,86,0.364551146
42,87,0.384553073
42,88,0.405630854
42,89,0.427843449
42,90,0.451253276
42,91,0.475926435
42,92,0.501932958
42,93,0.529347069
42,94,0.558247467
42,95,0.588717637
42,96,0.60988711
43,43,0.033068603
43,44,0.035138736
43,45,0.037326789
43,46,0.039639108
43,47,0.042082366
43,48,0.044216944
43,49,0.046916227
43,50,0.049767074
43,51,0.052777565
43,52,0.055956194
43,53,0.059311897
43,54,0.062854071
43,55,0.066592601
43,56,0.070537882
43,57,0.07470085
43,58,0.079093009
43,59,0.083726461
43,60,0.08861394
43,61,0.093768842
43,62,0.099205268
43,63,0.104938054
43,64,0.110982818
43,65,0.117355997
43,66,0.124074898
43,67,0.131157743
43,68,0.138623719
43,69,0.146493036
43,70,0.15478698
43,71,0.163527977
43,72,0.172739658
43,73,0.182446925
43,74,0.19267603
43,75,0.203454648
43,76,0.214811961
43,77,0.22677875
43,78,0.239387488
43,79,0.252672437
43,80,0.266669762
43,81,0.281417644
43,82,0.2969564
43,83,0.313328617
43,84,0.330579294
43,85,0.348755988
43,86,0.367908983
43,87,0.388091453
43,88,0.409359657
43,89,0.431773133
43,90,0.455394913
43,91,0.480291755
43,92,0.506534391
43,93,0.53419779
43,94,0.563361452
43,95,0.594109715
43,96,0.615491505
44,44,0.0355056
44,45,0.037714515
44,46,0.040048816
44,47,0.042515235
44,48,0.044669641
44,49,0.047394373
44,50,0.050272025
44,51,0.053310748
44,52,0.056519111
44,53,0.059906127
44,54,0.063481275
44,55,0.067254525
44,56,0.071236363
44,57,0.075437821
44,58,0.079870503
44,59,0.084546617
44,60,0.089479008
44,61,0.094681191
44,62,0.100167389
44,63,0.105952571
44,64,0.112052491
44,65,0.118483733
44,66,0.125263757
44,67,0.132410946
44,68,0.139944661
44,69,0.147885289
44,70,0.15625431
44,71,0.165074351
44,72,0.174369257
44,73,0.184164155
44,74,0.194485535
44,75,0.205361326
44,76,0.216820977
44,77,0.228895553
44,78,0.241617825
44,79,0.255022376
44,80,0.269145707
44,81,0.284026357
44,82,0.299705023
44,83,0.316224695
44,84,0.333630801
44,85,0.351971353
44,86,0.371297118
44,87,0.391661787
44,88,0.413122167
44,89,0.435738378
44,90,0.459574076
44,91,0.484696683
44,92,0.511177637
44,93,0.539092664
44,94,0.568522072
44,95,0.599551062
44,96,0.621147251
45,45,0.03810593
45,46,0.040462412
45,47,0.042952201
45,48,0.045126611
45,49,0.047877019
45,50,0.050781717
45,51,0.053848925
45,52,0.057087287
45,53,0.060505895
45,54,0.06411431
45,55,0.067922588
45,56,0.071941308
45,57,0.076181597
45,58,0.080655161
45,59,0.085374315
45,60,0.090352016
45,61,0.095601899
45,62,0.10113831
45,63,0.106976351
45,64,0.113131915
45,65,0.119621734
45,66,0.126463422
45,67,0.133675526
45,68,0.141277578
45,69,0.149290151
45,70,0.157734915
45,71,0.166634702
45,72,0.176013571
45,73,0.185896879
45,74,0.196311357
45,75,0.207285187
45,76,0.218848091
45,77,0.231031417
45,78,0.243868242
45,79,0.257393469
45,80,0.271643941
45,81,0.286658557
45,82,0.302478398
45,83,0.319146862
45,84,0.336709809
45,85,0.355215714
45,86,0.37471583
45,87,0.395264369
45,88,0.416918693
45,89,0.439739513
45,90,0.463791114
45,91,0.489141588
45,92,0.515863088
45,93,0.544032108
45,94,0.573729769
45,95,0.605042146
45,96,0.626854837
46,46,0.040879931
46,47,0.0433933
46,48,0.045587893
46,49,0.048364206
46,50,0.051296191
46,51,0.054392139
46,52,0.057660768
46,53,0.061111249
46,54,0.064753227
46,55,0.068596845
46,56,0.072652775
46,57,0.07693224
46,58,0.081447048
46,59,0.086209623
46,60,0.091233036
46,61,0.096531039
46,62,0.102118109
46,63,0.108009477
46,64,0.114221178
46,65,0.120770091
46,66,0.127673989
46,67,0.134951582
46,68,0.142622578
46,69,0.150707733
46,70,0.159228912
46,71,0.168209153
46,72,0.177672732
46,73,0.187645237
46,74,0.198153642
46,75,0.209226386
46,76,0.220893464
46,77,0.233186515
46,78,0.24613892
46,79,0.259785908
46,80,0.274164665
46,81,0.289314455
46,82,0.305276749
46,83,0.322095355
46,84,0.339816571
46,85,0.358489335
46,86,0.378165397
46,87,0.398899496
46,88,0.420749551
46,89,0.443776872
46,90,0.468046379
46,91,0.493626843
46,92,0.520591142
46,93,0.54901654
46,94,0.578984988
46,95,0.610583442
46,96,0.63261476
47,47,0.04383857
47,48,0.046053523
47,49,0.048855975
47,50,0.051815491
47,51,0.054940435
47,52,0.058239601
47,53,0.061722239
47,54,0.065398078
47,55,0.069277351
47,56,0.07337082
47,57,0.077689808
47,58,0.082246227
47,59,0.087052608
47,60,0.092122137
47,61,0.097468688
47,62,0.103106863
47,63,0.10905203
47,64,0.115320365
47,65,0.121928897
47,66,0.128895554
47,67,0.136239217
47,68,0.143979768
47,69,0.152138148
47,70,0.16073642
47,71,0.169797829
47,72,0.179346872
47,73,0.189409367
47,74,0.200012536
47,75,0.211185077
47,76,0.222957262
47,77,0.235361019
47,78,0.248430041
47,79,0.262199884
47,80,0.276708081
47,81,0.291994267
47,82,0.308100302
47,83,0.325070413
47,84,0.342951337
47,85,0.361792485
47,86,0.381646104
47,87,0.402567466
47,88,0.424615057
47,89,0.447850789
47,90,0.472340226
47,91,0.498152825
47,92,0.525362196
47,93,0.554046385
47,94,0.584288178
47,95,0.616175425
47,96,0.638427519
48,48,0.046523543
48,49,0.049352367
48,50,0.05233966
48,51,0.055493859
48,52,0.058823834
48,53,0.062338916
48,54,0.066048917
48,55,0.069964161
48,56,0.074095503
48,57,0.078454365
48,58,0.083052763
48,59,0.087903338
48,60,0.093019391
48,61,0.098414919
48,62,0.104104653
48,63,0.110104095
48,64,0.116429565
48,65,0.123098242
48,66,0.130128216
48,67,0.137538533
48,68,0.145349254
48,69,0.15358151
48,70,0.162257559
48,71,0.171400857
48,72,0.181036123
48,73,0.19118941
48,74,0.201888187
48,75,0.213161417
48,76,0.225039647
48,77,0.237555103
48,78,0.250741788
48,79,0.26463559
48,80,0.279274395
48,81,0.294698208
48,82,0.310949287
48,83,0.328072277
48,84,0.346114364
48,85,0.365125432
48,86,0.385158236
48,87,0.406268582
48,88,0.428515531
48,89,0.451961604
48,90,0.476673015
48,91,0.502719915
48,92,0.530176655
48,93,0.559122071
48,94,0.589639795
48,95,0.62181858
48,96,0.64429362
49,49,0.049853422
49,50,0.052868741
49,51,0.056052456
49,52,0.059413515
49,53,0.062961329
49,54,0.066705797
49,55,0.070657331
49,56,0.074826882
49,57,0.079225972
49,58,0.083866721
49,59,0.088761881
49,60,0.093924871
49,61,0.09936981
49,62,0.105111558
49,63,0.111165755
49,64,0.117548866
49,65,0.124278221
49,66,0.131372072
49,67,0.138849634
49,68,0.146731148
49,69,0.155037933
49,70,0.16379245
49,71,0.173018365
49,72,0.182740621
49,73,0.192985508
49,74,0.203780746
49,75,0.215155562
49,76,0.227140787
49,77,0.239768942
49,78,0.253074347
49,79,0.267093223
49,80,0.281863812
49,81,0.297426496
49,82,0.313823932
49,83,0.331101191
49,84,0.349305909
49,85,0.368488451
49,86,0.38870208
49,87,0.410003149
49,88,0.432451296
49,89,0.456109658
49,90,0.481045108
49,91,0.507328497
49,92,0.535034926
49,93,0.564244031
49,94,0.595040297
49,95,0.627513394
49,96,0.650213575
50,50,0.053402779
50,51,0.056616273
50,52,0.060008692
50,53,0.06358953
50,54,0.067368771
50,55,0.071356918
50,56,0.075565017
50,57,0.080004691
50,58,0.084688167
50,59,0.089628308
50,60,0.094838649
50,61,0.100333436
50,62,0.106127659
50,63,0.112237096
50,64,0.118678357
50,65,0.125468928
50,66,0.132627221
50,67,0.140172624
50,68,0.148125558
50,69,0.156507534
50,70,0.165341215
50,71,0.174650481
50,72,0.1844605
50,73,0.194797804
50,74,0.205690362
50,75,0.217167673
50,76,0.229260849
50,77,0.242002714
50,78,0.255427904
50,79,0.26957298
50,80,0.284476542
50,81,0.300179353
50,82,0.316724472
50,83,0.334157401
50,84,0.352526233
50,85,0.371881815
50,86,0.39227793
50,87,0.413771476
50,88,0.436422678
50,89,0.460295298
50,90,0.485456872
50,91,0.511978961
50,92,0.539937422
50,93,0.569412701
50,94,0.600490149
50,95,0.633260359
50,96,0.656187898
51,51,0.057185356
51,52,0.060609415
51,53,0.064223571
51,54,0.068037894
51,55,0.072062978
51,56,0.076309968
51,57,0.080790586
51,58,0.085517167
51,59,0.090502686
51,60,0.095760799
51,61,0.101305876
51,62,0.107153038
51,63,0.113318204
51,64,0.11981813
51,65,0.126670458
51,66,0.133893763
51,67,0.141507608
51,68,0.149532595
51,69,0.157990429
51,70,0.166903977
51,71,0.176297334
51,72,0.186195899
51,73,0.196626441
51,74,0.207617189
51,75,0.21919791
51,76,0.231400004
51,77,0.244256596
51,78,0.257802648
51,79,0.272075061
51,80,0.287112795
51,81,0.302956999
51,82,0.319651142
51,83,0.337241157
51,84,0.355775598
51,85,0.375305804
51,86,0.395886077
51,87,0.417573874
51,88,0.440430009
51,89,0.464518873
51,90,0.489908677
51,91,0.516671698
51,92,0.544884559
51,93,0.574628524
51,94,0.605989819
51,95,0.639059975
51,96,0.662217113
52,52,0.061215734
52,53,0.064863503
52,54,0.068713219
52,55,0.07277557
52,56,0.077061795
52,57,0.08158372
52,58,0.086353788
52,59,0.091385088
52,60,0.096691395
52,61,0.102287206
52,62,0.108187776
52,63,0.114409163
52,64,0.120968274
52,65,0.127882906
52,66,0.1351718
52,67,0.142854693
52,68,0.150952372
52,69,0.159486737
52,70,0.168480861
52,71,0.177959057
52,72,0.187946954
52,73,0.198471567
52,74,0.20956138
52,75,0.221246435
52,76,0.233558421
52,77,0.246530771
52,78,0.260198771
52,79,0.274599666
52,80,0.289772784
52,81,0.305759661
52,82,0.322604178
52,83,0.340352707
52,84,0.359054269
52,85,0.378760697
52,86,0.399526821
52,87,0.421410657
52,88,0.444473619
52,89,0.468780736
52,90,0.494400897
52,91,0.521407104
52,92,0.549876756
52,93,0.579891945
52,94,0.611539782
52,95,0.644912743
52,96,0.668301746
53,53,0.065509378
53,54,0.069394803
53,55,0.07349475
53,56,0.077820559
53,57,0.082384158
53,58,0.087198098
53,59,0.092275584
53,60,0.097630512
53,61,0.103277506
53,62,0.109231956
53,63,0.115510063
53,64,0.122128882
53,65,0.12910637
53,66,0.136461433
53,67,0.144213985
53,68,0.152385001
53,69,0.160996576
53,70,0.170071992
53,71,0.179635782
53,72,0.189713806
53,73,0.200333327
53,74,0.21152309
53,75,0.223313412
53,76,0.235736274
53,77,0.24882542
53,78,0.262616463
53,79,0.277146998
53,80,0.292456722
53,81,0.308587563
53,82,0.32558382
53,83,0.343492307
53,84,0.362362515
53,85,0.382246778
53,86,0.403200459
53,87,0.425282143
53,88,0.448553846
53,89,0.473081243
53,90,0.498933909
53,91,0.526185581
53,92,0.55491444
53,93,0.585203416
53,94,0.617140515
53,95,0.650819173
53,96,0.674442331
54,54,0.070082701
54,55,0.074220579
54,56,0.078586321
54,57,0.083191963
54,58,0.088050164
54,59,0.093174245
54,60,0.098578225
54,61,0.104276855
54,62,0.110285662
54,63,0.116620991
54,64,0.123300047
54,65,0.130340946
54,66,0.137762765
54,67,0.145585594
54,68,0.153830597
54,69,0.162520067
54,70,0.171677496
54,71,0.181327641
54,72,0.191496595
54,73,0.20221187
54,74,0.213502475
54,75,0.225399005
54,76,0.237933736
54,77,0.251140726
54,78,0.26505592
54,79,0.279717263
54,80,0.295164827
54,81,0.311440936
54,82,0.32859031
54,83,0.346660211
54,84,0.365700605
54,85,0.385764333
54,86,0.406907296
54,87,0.429188652
54,88,0.452671029
54,89,0.477420753
54,90,0.503508094
54,91,0.531007531
54,92,0.559998039
54,93,0.590563392
54,94,0.622792503
54,95,0.656779778
54,96,0.680639405
55,55,0.074953113
55,56,0.079359145
55,57,0.084007202
55,58,0.088910056
55,59,0.094081144
55,60,0.099534609
55,61,0.105285333
55,62,0.111348978
55,63,0.117742035
55,64,0.124481861
55,65,0.131586733
55,66,0.139075899
55,67,0.146969629
55,68,0.155289274
55,69,0.164057331
55,70,0.173297503
55,71,0.183034769
55,72,0.193295463
55,73,0.204107346
55,74,0.215499693
55,75,0.227503381
55,76,0.240150984
55,77,0.253476876
55,78,0.267517336
55,79,0.282310668
55,80,0.297897317
55,81,0.314320011
55,82,0.331623893
55,83,0.349856678
55,84,0.369068813
55,85,0.389313651
55,86,0.410647637
55,87,0.433130508
55,88,0.456825511
55,89,0.48179963
55,90,0.508123838
55,91,0.535873365
55,92,0.565127986
55,93,0.595972333
55,94,0.628496235
55,95,0.662795078
55,96,0.686893513
56,56,0.080139091
56,57,0.08482994
56,58,0.089777842
56,59,0.094996355
56,60,0.100499743
56,61,0.106303021
56,62,0.11242199
56,63,0.118873285
56,64,0.125674419
56,65,0.132843831
56,66,0.14040094
56,67,0.148366198
56,68,0.156761149
56,69,0.16560849
56,70,0.174932139
56,71,0.184757303
56,72,0.195110554
56,73,0.206019907
56,74,0.217514904
56,75,0.229626709
56,76,0.242388195
56,77,0.255834057
56,78,0.270000911
56,79,0.284927421
56,80,0.300654413
56,81,0.31722502
56,82,0.334684814
56,83,0.353081968
56,84,0.372467415
56,85,0.392895024
56,86,0.41442179
56,87,0.437108038
56,88,0.461017639
56,89,0.486218241
56,90,0.512781531
56,91,0.540783495
56,92,0.570304719
56,93,0.601430704
56,94,0.634252203
56,95,0.668865597
56,96,0.693205205
57,57,0.085660243
57,58,0.090653593
57,59,0.095919949
57,60,0.101473703
57,61,0.10733
57,62,0.113504782
57,63,0.120014831
57,64,0.126877816
57,65,0.13411234
57,66,0.141737994
57,67,0.149775415
57,68,0.158246338
57,69,0.167173668
57,70,0.176581536
57,71,0.18649538
57,72,0.196942012
57,73,0.207949703
57,74,0.219548269
57,75,0.231769157
57,76,0.244645549
57,77,0.258212457
57,78,0.272506844
57,79,0.287567733
57,80,0.303436338
57,81,0.320156198
57,82,0.337773323
57,83,0.356336345
57,84,0.375896689
57,85,0.396508746
57,86,0.418230068
57,87,0.441121573
57,88,0.465247761
57,89,0.490676958
57,90,0.517481564
57,91,0.545738337
57,92,0.575528681
57,93,0.606938974
57,94,0.640060907
57,95,0.674991865
57,96,0.699575036
58,58,0.091537379
58,59,0.096852002
58,60,0.102456567
58,61,0.108366353
58,62,0.114597442
58,63,0.121166765
58,64,0.128092148
58,65,0.13539236
58,66,0.143087167
58,67,0.15119739
58,68,0.159744961
58,69,0.168752988
58,70,0.178245825
58,71,0.188249137
58,72,0.198789982
58,73,0.20989689
58,74,0.22159995
58,75,0.233930899
58,76,0.246923225
58,77,0.260612269
58,78,0.275035336
58,79,0.290231817
58,80,0.306243316
58,81,0.323113785
58,82,0.340889671
58,83,0.359620074
58,84,0.379356915
58,85,0.400155115
58,86,0.422072786
58,87,0.445171445
58,88,0.469516232
58,89,0.495176153
58,90,0.522224336
58,91,0.550738313
58,92,0.580800319
58,93,0.612497618
58,94,0.645922851
58,95,0.681174418
58,96,0.706003568
59,59,0.097792589
59,60,0.103448415
59,61,0.109412162
59,62,0.115700057
59,63,0.122329179
59,64,0.129317512
59,65,0.136683994
59,66,0.144448566
59,67,0.152632237
59,68,0.161257135
59,69,0.170346578
59,70,0.179925138
59,71,0.190018715
59,72,0.200654613
59,73,0.211861623
59,74,0.22367011
59,75,0.236112105
59,76,0.249221407
59,77,0.263033683
59,78,0.277586591
59,79,0.292919889
59,80,0.309075575
59,81,0.326098019
59,82,0.344034111
59,83,0.362933424
59,84,0.382848379
59,85,0.403834431
59,86,0.425950261
59,87,0.449257992
59,88,0.473823409
59,89,0.499716206
59,90,0.527010246
59,91,0.555783848
59,92,0.586120084
59,93,0.618107116
59,94,0.651838544
59,95,0.687413798
59,96,0.712491369
60,60,0.104449325
60,61,0.110467512
60,62,0.116812715
60,63,0.123502165
60,64,0.130554006
60,65,0.137987344
60,66,0.1458223
60,67,0.15408007
60,68,0.162782982
60,69,0.171954563
60,70,0.181619608
60,71,0.191804254
60,72,0.202536052
60,73,0.213844058
60,74,0.225758916
60,75,0.238312952
60,76,0.251540278
60,77,0.265476896
60,78,0.280160813
60,79,0.295632165
60,80,0.311933344
60,81,0.329109142
60,82,0.3472069
60,83,0.366276665
60,84,0.386371366
60,85,0.407546997
60,86,0.429862815
60,87,0.453381554
60,88,0.478169651
60,89,0.504297498
60,90,0.531839701
60,91,0.560875372
60,92,0.591488433
60,93,0.623767951
60,94,0.657808501
60,95,0.693710552
60,96,0.719039013
61,61,0.111532487
61,62,0.117935504
61,63,0.124685817
61,64,0.131801728
61,65,0.139302515
61,66,0.147208479
61,67,0.155541004
61,68,0.164322622
61,69,0.173577071
61,70,0.183329372
61,71,0.193605897
61,72,0.20443445
61,73,0.215844354
61,74,0.227866533
61,75,0.240533614
61,76,0.253880025
61,77,0.267942103
61,78,0.282758211
61,79,0.298368863
61,80,0.314816854
61,81,0.3321474
61,82,0.350408296
61,83,0.369650071
61,84,0.389926166
61,85,0.41129312
61,86,0.433810772
61,87,0.457542473
61,88,0.482555323
61,89,0.508920416
61,90,0.53671311
61,91,0.56601332
61,92,0.596905826
61,93,0.629480615
61,94,0.663833243
61,95,0.700065233
61,96,0.725647078
62,62,0.119068516
62,63,0.125880229
62,64,0.133060778
62,65,0.140629611
62,66,0.148607211
62,67,0.157015157
62,68,0.165876179
62,69,0.175214232
62,70,0.185054564
62,71,0.195423786
62,72,0.206349959
62,73,0.21786267
62,74,0.229993131
62,75,0.242774271
62,76,0.256240835
62,77,0.270429501
62,78,0.285378993
62,79,0.301130206
62,80,0.317726338
62,81,0.33521304
62,82,0.353638561
62,83,0.373053918
62,84,0.393513071
62,85,0.41507311
62,86,0.437794459
62,87,0.461741098
62,88,0.486980793
62,89,0.513585349
62,90,0.541630885
62,91,0.571198129
62,92,0.602372729
62,93,0.6352456
62,94,0.669913294
62,95,0.706478399
62,96,0.732316153
63,63,0.127085496
63,64,0.134331255
63,65,0.141968737
63,66,0.15001861
63,67,0.158502643
63,68,0.167443775
63,69,0.176866177
63,70,0.186795322
63,71,0.197258068
63,72,0.20828273
63,73,0.219899167
63,74,0.23213888
63,75,0.2450351
63,76,0.258622897
63,77,0.272939292
63,78,0.288023371
63,79,0.303916415
63,80,0.320662033
63,81,0.33830631
63,82,0.356897958
63,83,0.376488486
63,84,0.397132376
63,85,0.418887278
63,86,0.441814208
63,87,0.465977779
63,88,0.491446431
63,89,0.51829269
63,90,0.546593445
63,91,0.576430244
63,92,0.607889613
63,93,0.641063408
63,94,0.676049187
63,95,0.712950615
63,96,0.739046827
64,64,0.135613262
64,65,0.143320002
64,66,0.151442787
64,67,0.160003584
64,68,0.169025537
64,69,0.178533035
64,70,0.188551786
64,71,0.199108888
64,72,0.210232918
64,73,0.221954009
64,74,0.234303951
64,75,0.247316283
64,76,0.261026404
64,77,0.275471677
64,78,0.290691558
64,79,0.306727717
64,80,0.323624177
64,81,0.341427462
64,82,0.360186752
64,83,0.379954054
64,84,0.40078438
64,85,0.422735939
64,86,0.445870352
64,87,0.470252869
64,88,0.495952613
64,89,0.523042839
64,90,0.551601212
64,91,0.581710111
64,92,0.613456953
64,93,0.646934542
64,94,0.682241457
64,95,0.719482453
64,96,0.745839701
65,65,0.144683511
65,66,0.152879855
65,67,0.161518096
65,68,0.170621588
65,69,0.18021494
65,70,0.190324093
65,71,0.200976394
65,72,0.212200678
65,73,0.224027358
65,74,0.236488516
65,75,0.249618003
65,76,0.263451546
65,77,0.27802686
65,78,0.293383769
65,79,0.309564339
65,80,0.32661301
65,81,0.34457675
65,82,0.363505214
65,83,0.383450909
65,84,0.404469382
65,85,0.426619413
65,86,0.449963229
65,87,0.474566726
65,88,0.500499718
65,89,0.527836196
65,90,0.556654611
65,91,0.587038184
65,92,0.619075229
65,93,0.652859514
65,94,0.688490647
65,95,0.726074488
65,96,0.75269538
66,66,0.154329929
66,67,0.163046302
66,68,0.172232057
66,69,0.181912027
66,70,0.192112387
66,71,0.202860734
66,72,0.214186168
66,73,0.226119381
66,74,0.238692752
66,75,0.251940445
66,76,0.265898521
66,77,0.280605046
66,78,0.296100222
66,79,0.31242651
66,80,0.329628774
66,81,0.347754432
66,82,0.366853614
66,83,0.386979337
66,84,0.408187687
66,85,0.430538022
66,86,0.454093179
66,87,0.478919711
66,88,0.505088129
66,89,0.532673167
66,90,0.561754074
66,91,0.592414919
66,92,0.624744927
66,93,0.658838839
66,94,0.694797305
66,95,0.732727305
66,96,0.759614474
67,67,0.164588323
67,68,0.173857072
67,69,0.183624429
67,70,0.193916808
67,71,0.204762058
67,72,0.216189546
67,73,0.228230245
67,74,0.240916834
67,75,0.254283795
67,76,0.268367523
67,77,0.283206444
67,78,0.298841135
67,79,0.315314462
67,80,0.332671715
67,81,0.350960765
67,82,0.370232226
67,83,0.390539627
67,84,0.411939602
67,85,0.434492089
67,86,0.458260547
67,87,0.483312189
67,88,0.509718231
67,89,0.537554162
67,90,0.566900035
67,91,0.597840778
67,92,0.630466537
67,93,0.664873038
67,94,0.701161986
67,95,0.739441492
67,96,0.766597602
68,68,0.175496762
68,69,0.185352284
68,70,0.195737502
68,71,0.206680519
68,72,0.218210972
68,73,0.230360119
68,74,0.24316094
68,75,0.256648239
68,76,0.270858751
68,77,0.285831261
68,78,0.301606731
68,79,0.318228429
68,80,0.33574208
68,81,0.354196012
68,82,0.373641327
68,83,0.394132073
68,84,0.415725436
68,85,0.438481943
68,86,0.46246568
68,87,0.487744528
68,88,0.514390416
68,89,0.542479596
68,90,0.572092933
68,91,0.603316227
68,92,0.636240554
68,93,0.670962637
68,94,0.707585248
68,95,0.746217644
68,96,0.77364539
69,69,0.187095728
69,70,0.197574613
69,71,0.208616269
69,72,0.220250606
69,73,0.232509172
69,74,0.245425251
69,75,0.259033969
69,76,0.273372406
69,77,0.288479711
69,78,0.304397232
69,79,0.321168647
69,80,0.338840118
69,81,0.357460436
69,82,0.377081196
69,83,0.39775697
69,84,0.419545503
69,85,0.442507916
69,86,0.466708929
69,87,0.492217099
69,88,0.519105078
69,89,0.547449886
69,90,0.577333213
69,91,0.608841739
69,92,0.64206748
69,93,0.67710817
69,94,0.714067659
69,95,0.753056364
69,96,0.780758468
70,70,0.199428286
70,71,0.210569463
70,72,0.222308613
70,73,0.234677577
70,74,0.247709947
70,75,0.261441176
70,76,0.27590869
70,77,0.291152007
70,78,0.307212864
70,79,0.324135356
70,80,0.341966082
70,81,0.360754305
70,82,0.380552116
70,83,0.401414617
70,84,0.423400118
70,85,0.446570342
70,86,0.470990648
70,87,0.496730279
70,88,0.523862615
70,89,0.552465456
70,90,0.582621324
70,91,0.614417788
70,92,0.647947821
70,93,0.683310172
70,94,0.720609789
70,95,0.759958261
70,96,0.787937476
71,71,0.212540256
71,72,0.224385156
71,73,0.236865507
71,74,0.250015211
71,75,0.263870053
71,76,0.278467807
71,77,0.293848364
71,78,0.310053855
71,79,0.327128794
71,80,0.345120227
71,81,0.364077887
71,82,0.38405437
71,83,0.405105315
71,84,0.427289601
71,85,0.450669558
71,86,0.475311197
71,87,0.501284448
71,88,0.52866343
71,89,0.557526732
71,90,0.587957717
71,91,0.620044857
71,92,0.653882086
71,93,0.689569188
71,94,0.727212217
71,95,0.766923948
71,96,0.795183058
72,72,0.226480402
72,73,0.239073137
72,74,0.252341228
72,75,0.266320794
72,76,0.281049963
72,77,0.296569
72,78,0.312920435
72,79,0.330149206
72,80,0.348302808
72,81,0.367431453
72,82,0.387588247
72,83,0.408829368
72,84,0.431214273
72,85,0.454805907
72,86,0.479670935
72,87,0.505879988
72,88,0.533507929
72,89,0.562634146
72,90,0.593342852
72,91,0.625723432
72,92,0.659870794
72,93,0.695885768
72,94,0.733875527
72,95,0.773954049
72,96,0.802495867
73,73,0.241300643
73,74,0.254688186
73,75,0.268793598
73,76,0.283655366
73,77,0.299314135
73,78,0.315812837
73,79,0.333196837
73,80,0.351514086
73,81,0.37081528
73,82,0.391154036
73,83,0.412587083
73,84,0.43517446
73,85,0.458979733
73,86,0.484070229
73,87,0.510517287
73,88,0.538396524
73,89,0.567788133
73,90,0.598777191
73,91,0.631454003
73,92,0.665914466
73,93,0.702260465
73,94,0.740600309
73,95,0.78104919
73,96,0.809876563
74,74,0.257056271
74,75,0.271288662
74,76,0.286284226
74,77,0.30208399
74,78,0.318731293
74,79,0.336271935
74,80,0.354754323
74,81,0.374229643
74,82,0.394752032
74,83,0.416378772
74,84,0.439170491
74,85,0.463191384
74,86,0.488509448
74,87,0.515196735
74,88,0.543329628
74,89,0.572989133
74,90,0.604261201
74,91,0.637237068
74,92,0.672013629
74,93,0.708693841
74,94,0.747387159
74,95,0.788210007
74,96,0.817325812
75,75,0.273806187
75,76,0.288936754
75,77,0.304878789
75,78,0.321676042
75,79,0.339374749
75,80,0.358023783
75,81,0.377674822
75,82,0.39838253
75,83,0.420204747
75,84,0.443202698
75,85,0.467441212
75,86,0.492988964
75,87,0.519918729
75,88,0.548307661
75,89,0.578237592
75,90,0.609795354
75,91,0.643073127
75,92,0.678168817
75,93,0.715186463
75,94,0.754236681
75,95,0.795437142
75,96,0.824844288
76,76,0.291613165
76,77,0.307698758
76,78,0.324647322
76,79,0.342505533
76,80,0.361322733
76,81,0.3811511
76,82,0.402045829
76,83,0.424065325
76,84,0.447271415
76,85,0.471729572
76,86,0.497509153
76,87,0.524683667
76,88,0.553331047
76,89,0.583533959
76,90,0.615380128
76,91,0.648962688
76,92,0.684380568
76,93,0.721738903
76,94,0.761149484
76,95,0.802731245
76,96,0.832432673
77,77,0.310544126
77,78,0.327645374
77,79,0.345664541
77,80,0.364651443
77,81,0.384658762
77,82,0.405742231
77,83,0.427960825
77,84,0.451376982
77,85,0.476056822
77,86,0.502070397
77,87,0.529491952
77,88,0.558400212
77,89,0.588878687
77,90,0.621016004
77,91,0.654906262
77,92,0.690649427
77,93,0.728351741
77,94,0.768126185
77,95,0.81009297
77,96,0.840091655
78,78,0.330670441
78,79,0.34885203
78,80,0.368010185
78,81,0.388198097
78,82,0.40947204
78,83,0.431891571
78,84,0.45551974
78,85,0.480423325
78,86,0.506673078
78,87,0.534343992
78,88,0.56351559
78,89,0.594272236
78,90,0.626703469
78,91,0.660904368
78,92,0.696975943
78,93,0.735025561
78,94,0.775167406
78,95,0.817522981
78,96,0.847821932
79,79,0.352068261
79,80,0.371399233
79,81,0.391769394
79,82,0.413235566
79,83,0.435857888
79,84,0.459700034
79,85,0.484829446
79,86,0.511317584
79,87,0.539240197
79,88,0.568677616
79,89,0.599715068
79,90,0.632443016
79,91,0.666957528
79,92,0.703360674
79,93,0.741760955
79,94,0.782273776
79,95,0.825021949
79,96,0.855624206
80,80,0.374818866
80,81,0.395372948
80,82,0.417033118
80,83,0.439860105
80,84,0.463918214
80,85,0.489275556
80,86,0.516004308
80,87,0.544180984
80,88,0.573886732
80,89,0.605207652
80,90,0.638235143
80,91,0.673066271
80,92,0.70980418
80,93,0.748558521
80,94,0.789445932
80,95,0.832590551
80,96,0.863499191
81,81,0.399009056
81,82,0.42086501
81,83,0.443898556
81,84,0.468174631
81,85,0.493762028
81,86,0.520733646
81,87,0.549166773
81,88,0.579143383
81,89,0.610750461
81,90,0.64408035
81,91,0.679231131
81,92,0.716307029
81,93,0.755418863
81,94,0.796684517
81,95,0.840229471
81,96,0.871447605
82,82,0.424731561
82,83,0.447973575
82,84,0.472469641
82,85,0.498289237
82,86,0.525505996
82,87,0.554197987
82,88,0.58444802
82,89,0.616343973
82,90,0.649979147
82,91,0.685452646
82,92,0.722869796
82,93,0.762342591
82,94,0.803990181
82,95,0.847939404
82,96,0.879470176
83,83,0.452085502
83,84,0.476803604
83,85,0.502857567
83,86,0.530321763
83,87,0.559275054
83,88,0.589801096
83,89,0.62198867
83,90,0.655932046
83,91,0.691731364
83,92,0.729493061
83,93,0.769330323
83,94,0.811363582
83,95,0.855721048
83,96,0.88756764
84,84,0.481176882
84,85,0.5074674
84,86,0.535181355
84,87,0.564398409
84,88,0.595203072
84,89,0.627685042
84,90,0.661939565
84,91,0.698067834
84,92,0.736177409
84,93,0.776382683
84,94,0.818805383
84,95,0.863575112
84,96,0.895740741
85,85,0.512119126
85,86,0.540085184
85,87,0.569568487
85,88,0.600654411
85,89,0.633433579
85,90,0.668002229
85,91,0.704462614
85,92,0.742923434
85,93,0.783500301
85,94,0.826316256
85,95,0.871502312
85,96,0.90399023
86,86,0.545033667
86,87,0.574785732
86,88,0.606155584
86,89,0.639234782
86,90,0.674120567
86,91,0.710916267
86,92,0.749731733
86,93,0.790683815
86,94,0.83389688
86,95,0.87950337
86,96,0.91231687
87,87,0.580050588
87,88,0.611707062
87,89,0.645089153
87,90,0.680295114
87,91,0.717429362
87,92,0.756602912
87,93,0.797933869
87,94,0.841547942
87,95,0.887579019
87,96,0.920721427
88,88,0.617309327
88,89,0.6509972
88,90,0.686526411
88,91,0.724002473
88,92,0.763537584
88,93,0.805251114
88,94,0.849270135
88,95,0.895729998
88,96,0.929204681
89,89,0.656959439
89,90,0.692815003
89,91,0.730636181
89,92,0.770536366
89,93,0.812636209
89,94,0.857064161
89,95,0.903957055
89,96,0.937767417
90,90,0.699161443
90,91,0.737331075
90,92,0.777599884
90,93,0.820089819
90,94,0.864930728
90,95,0.912260946
90,96,0.94641043
91,91,0.744087747
91,92,0.784728768
91,93,0.827612618
91,94,0.872870555
91,95,0.920642435
91,96,0.955134525
92,92,0.791923659
92,93,0.835205285
92,94,0.880884366
92,95,0.929102297
92,96,0.963940514
93,93,0.842868508
93,94,0.888972894
93,95,0.937641311
93,96,0.97282922
94,94,0.897136879
94,95,0.94626027
94,96,0.981801474
95,95,0.954959971
95,96,0.990858117
96,96,1